year,region_name,region_ons_code,vehicle_type,activity_miles,activity_km,total_km,share_activity
2015,South West,E12000009,two_wheeled_motor_vehicles,366300000.0,589501242.0,53413994600.0,0.011036456764085567
2015,East Midlands,E12000004,two_wheeled_motor_vehicles,212300000.0,341662882.0,44135666698.0,0.007741196804340613
2015,Scotland,S92000003,two_wheeled_motor_vehicles,176900000.0,284692246.0,45043334458.0,0.006320407878893982
2015,Wales,W92000004,two_wheeled_motor_vehicles,138300000.0,222571722.0,28739271852.0,0.007744515001847932
2015,North West,E12000002,two_wheeled_motor_vehicles,220700000.0,355181338.0,56390147062.0,0.006298641810766768
2015,London,E12000007,two_wheeled_motor_vehicles,416400000.0,670129176.0,31623852868.0,0.021190624014004948
2015,East of England,E12000006,two_wheeled_motor_vehicles,292200000.0,470249148.0,57849496574.0,0.008128837342576802
2015,Yorkshire and the Humber,E12000003,two_wheeled_motor_vehicles,206700000.0,332650578.0,43639346242.0,0.00762272138898006
2015,South East,E12000008,two_wheeled_motor_vehicles,454300000.0,731123162.0,85841390930.0,0.00851714020566372
2015,West Midlands,E12000005,two_wheeled_motor_vehicles,196900000.0,316879046.0,50268539570.0,0.006303724928366762
2015,North East,E12000001,two_wheeled_motor_vehicles,66200000.0,106538308.0,18668826802.0,0.0057067489633888776
2016,South West,E12000009,two_wheeled_motor_vehicles,374100000.0,602054094.0,55262965326.0,0.010894350139346339
2016,East Midlands,E12000004,two_wheeled_motor_vehicles,193700000.0,311729158.0,45367294600.0,0.006871230932954948
2016,Scotland,S92000003,two_wheeled_motor_vehicles,165500000.0,266345770.0,46552251642.0,0.0057214368930696285
2016,Wales,W92000004,two_wheeled_motor_vehicles,136700000.0,219996778.0,29877718968.0,0.007363238747764635
2016,North West,E12000002,two_wheeled_motor_vehicles,214800000.0,345686232.0,56734706756.0,0.00609302932483108
2016,London,E12000007,two_wheeled_motor_vehicles,473600000.0,762183424.0,32320375220.0,0.023582134143305282
2016,East of England,E12000006,two_wheeled_motor_vehicles,284200000.0,457374428.0,58893314498.0,0.007766151929104488
2016,Yorkshire and the Humber,E12000003,two_wheeled_motor_vehicles,196800000.0,316718112.0,45104167510.0,0.0070219256774838095
2016,South East,E12000008,two_wheeled_motor_vehicles,468600000.0,754136724.0,87361734428.0,0.008632346060179574
2016,West Midlands,E12000005,two_wheeled_motor_vehicles,196900000.0,316879046.0,51332796112.0,0.006173033031526673
2016,North East,E12000001,two_wheeled_motor_vehicles,64100000.0,103158694.0,18937586582.0,0.005447298870599033
2017,South West,E12000009,two_wheeled_motor_vehicles,339300000.0,546049062.0,56815334690.0,0.009610945090430128
2017,East Midlands,E12000004,two_wheeled_motor_vehicles,189900000.0,305613666.0,46132696704.0,0.006624665103817816
2017,Scotland,S92000003,two_wheeled_motor_vehicles,173900000.0,279864226.0,47751370876.0,0.0058608626488807405
2017,Wales,W92000004,two_wheeled_motor_vehicles,141800000.0,228204412.0,30005178696.0,0.007605500847439445
2017,North West,E12000002,two_wheeled_motor_vehicles,221800000.0,356951612.0,56965164244.0,0.006266138555680489
2017,London,E12000007,two_wheeled_motor_vehicles,468800000.0,754458592.0,32275957436.0,0.02337525055595999
2017,East of England,E12000006,two_wheeled_motor_vehicles,312800000.0,503401552.0,60967592824.0,0.008256871047102175
2017,Yorkshire and the Humber,E12000003,two_wheeled_motor_vehicles,196400000.0,316074376.0,45188496926.0,0.0069945759983475134
2017,South East,E12000008,two_wheeled_motor_vehicles,448300000.0,721467122.0,87894104100.0,0.008208367664561018
2017,West Midlands,E12000005,two_wheeled_motor_vehicles,177800000.0,286140652.0,51819460528.0,0.0055218763199085695
2017,North East,E12000001,two_wheeled_motor_vehicles,73800000.0,118769292.0,19296469402.0,0.00615497527167794
2018,South West,E12000009,two_wheeled_motor_vehicles,320200000.0,515310668.0,56770273170.0,0.00907712151493246
2018,East Midlands,E12000004,two_wheeled_motor_vehicles,210400000.0,338605136.0,46538089450.0,0.007275871012362756
2018,Scotland,S92000003,two_wheeled_motor_vehicles,175500000.0,282439170.0,47875772858.0,0.005899417453535785
2018,Wales,W92000004,two_wheeled_motor_vehicles,163700000.0,263448958.0,30462714058.0,0.008648243144008833
2018,North West,E12000002,two_wheeled_motor_vehicles,209300000.0,336834862.0,57673112910.0,0.0058404141029397404
2018,London,E12000007,two_wheeled_motor_vehicles,463400000.0,745768156.0,32175373686.0,0.023178228271036216
2018,East of England,E12000006,two_wheeled_motor_vehicles,292600000.0,470892884.0,60907564442.0,0.007731270956473949
2018,Yorkshire and the Humber,E12000003,two_wheeled_motor_vehicles,186700000.0,300463778.0,45988017038.0,0.006533523238275878
2018,South East,E12000008,two_wheeled_motor_vehicles,440000000.0,708109600.0,87690039788.0,0.008075142874971094
2018,West Midlands,E12000005,two_wheeled_motor_vehicles,182400000.0,293543616.0,52095945140.0,0.005634673009792716
2018,North East,E12000001,two_wheeled_motor_vehicles,73800000.0,118769292.0,19686251550.0,0.006033108522378909
2019,South West,E12000009,two_wheeled_motor_vehicles,321500000.0,517402810.0,57990313824.0,0.00892222814262244
2019,East Midlands,E12000004,two_wheeled_motor_vehicles,193300000.0,311085422.0,47457505392.0,0.006555031062640731
2019,Scotland,S92000003,two_wheeled_motor_vehicles,181100000.0,291451474.0,48347148544.0,0.006028307413719642
2019,Wales,W92000004,two_wheeled_motor_vehicles,133400000.0,214685956.0,30708138408.0,0.006991174559252039
2019,North West,E12000002,two_wheeled_motor_vehicles,196500000.0,316235310.0,58871588408.0,0.0053716116475129305
2019,London,E12000007,two_wheeled_motor_vehicles,493200000.0,793726488.0,32612148562.0,0.02433836846079065
2019,East of England,E12000006,two_wheeled_motor_vehicles,285400000.0,459305636.0,61098110298.0,0.0075175096866299486
2019,Yorkshire and the Humber,E12000003,two_wheeled_motor_vehicles,182500000.0,293704550.0,46599405304.0,0.0063027531807318795
2019,South East,E12000008,two_wheeled_motor_vehicles,447000000.0,719374980.0,88333132052.0,0.008143886255233403
2019,West Midlands,E12000005,two_wheeled_motor_vehicles,168400000.0,271012856.0,52461265320.0,0.005165961101908092
2019,North East,E12000001,two_wheeled_motor_vehicles,67300000.0,108308582.0,20437813330.0,0.005299421237056577
2020,South West,E12000009,two_wheeled_motor_vehicles,246900000.0,397346046.0,44795496098.0,0.008870223138744086
2020,East Midlands,E12000004,two_wheeled_motor_vehicles,153100000.0,246389954.0,37603355638.0,0.0065523395404374785
2020,Scotland,S92000003,two_wheeled_motor_vehicles,136200000.0,219192108.0,37285993790.0,0.005878671472041781
2020,Wales,W92000004,two_wheeled_motor_vehicles,111300000.0,179119542.0,23453072754.0,0.007637359244086708
2020,North West,E12000002,two_wheeled_motor_vehicles,154000000.0,247838360.0,46868326018.0,0.005287971238930456
2020,London,E12000007,two_wheeled_motor_vehicles,463500000.0,745929090.0,26736931024.0,0.027898829874319835
2020,East of England,E12000006,two_wheeled_motor_vehicles,223700000.0,360009358.0,48890783596.0,0.007363542400442405
2020,Yorkshire and the Humber,E12000003,two_wheeled_motor_vehicles,146500000.0,235768310.0,37213412556.0,0.006335573488327841
2020,South East,E12000008,two_wheeled_motor_vehicles,348500000.0,560854990.0,68266110658.0,0.00821571618177832
2020,West Midlands,E12000005,two_wheeled_motor_vehicles,129400000.0,208248596.0,40593992160.0,0.005130034887408817
2020,North East,E12000001,two_wheeled_motor_vehicles,50300000.0,80949802.0,16205570998.0,0.00499518357051352
2021,South West,E12000009,two_wheeled_motor_vehicles,286400000.0,460914976.0,50870110862.0,0.009060624563024174
2021,East Midlands,E12000004,two_wheeled_motor_vehicles,186100000.0,299498174.0,42267544826.0,0.007085771724686737
2021,Scotland,S92000003,two_wheeled_motor_vehicles,151200000.0,243332208.0,42975010690.0,0.005662179115097272
2021,Wales,W92000004,two_wheeled_motor_vehicles,123500000.0,198753490.0,26531740174.0,0.0074911592189784125
2021,North West,E12000002,two_wheeled_motor_vehicles,169600000.0,272944064.0,52298078244.0,0.00521900752694128
2021,London,E12000007,two_wheeled_motor_vehicles,607600000.0,977834984.0,29697633822.0,0.03292636005484114
2021,East of England,E12000006,two_wheeled_motor_vehicles,260100000.0,418589334.0,54279497652.0,0.007711739277391351
2021,Yorkshire and the Humber,E12000003,two_wheeled_motor_vehicles,157600000.0,253631984.0,40872086112.0,0.006205506205506205
2021,South East,E12000008,two_wheeled_motor_vehicles,377300000.0,607203982.0,75486414568.0,0.008043884260167316
2021,West Midlands,E12000005,two_wheeled_motor_vehicles,148900000.0,239630726.0,45545931340.0,0.005261298187343204
2021,North East,E12000001,two_wheeled_motor_vehicles,62400000.0,100422816.0,18049230902.0,0.005563827984984797
2022,South West,E12000009,two_wheeled_motor_vehicles,317600000.0,511126384.0,54508023932.0,0.009377085190937058
2022,East Midlands,E12000004,two_wheeled_motor_vehicles,200200000.0,322189868.0,46285744938.0,0.006960887600093182
2022,Scotland,S92000003,two_wheeled_motor_vehicles,168900000.0,271817526.0,46957322520.0,0.005788607855233395
2022,Wales,W92000004,two_wheeled_motor_vehicles,136400000.0,219513976.0,29215314624.0,0.007513661202185792
2022,North West,E12000002,two_wheeled_motor_vehicles,186100000.0,299498174.0,56524526952.0,0.005298552507203298
2022,London,E12000007,two_wheeled_motor_vehicles,701600000.0,1129112944.0,30721334996.0,0.03675338145777238
2022,East of England,E12000006,two_wheeled_motor_vehicles,298700000.0,480709858.0,59660808744.0,0.008057380852188737
2022,Yorkshire and the Humber,E12000003,two_wheeled_motor_vehicles,168100000.0,270530054.0,43893782896.0,0.006163288651629367
2022,South East,E12000008,two_wheeled_motor_vehicles,421000000.0,677532140.0,83074291734.0,0.0081557377843127
2022,West Midlands,E12000005,two_wheeled_motor_vehicles,172700000.0,277933018.0,50305071588.0,0.005524950253053599
2022,North East,E12000001,two_wheeled_motor_vehicles,66200000.0,106538308.0,19760281190.0,0.005391538054322596
2023,South West,E12000009,two_wheeled_motor_vehicles,319000000.0,513379460.0,55817543890.0,0.009197457004050917
2023,East Midlands,E12000004,two_wheeled_motor_vehicles,195300000.0,314304102.0,47270339150.0,0.006649076517150396
2023,Scotland,S92000003,two_wheeled_motor_vehicles,169400000.0,272622196.0,48018199448.0,0.005677476438807931
2023,Wales,W92000004,two_wheeled_motor_vehicles,129600000.0,208570464.0,29771341594.0,0.007005746225492051
2023,North West,E12000002,two_wheeled_motor_vehicles,177600000.0,285818784.0,57801860110.0,0.004944802528085978
2023,London,E12000007,two_wheeled_motor_vehicles,742100000.0,1194291214.0,30893856244.0,0.038657887334215435
2023,East of England,E12000006,two_wheeled_motor_vehicles,299400000.0,481836396.0,60995917208.0,0.007899486032104525
2023,Yorkshire and the Humber,E12000003,two_wheeled_motor_vehicles,158400000.0,254919456.0,44866467992.0,0.005681736660114496
2023,South East,E12000008,two_wheeled_motor_vehicles,428700000.0,689924058.0,85010327754.0,0.008115767533522266
2023,West Midlands,E12000005,two_wheeled_motor_vehicles,166900000.0,268598846.0,51531871470.0,0.005212285879358536
2023,North East,E12000001,two_wheeled_motor_vehicles,64200000.0,103319628.0,20386153516.0,0.005068127634715885
2024,South West,E12000009,two_wheeled_motor_vehicles,324300000.0,521908962.0,56535953266.0,0.009231452409485936
2024,East Midlands,E12000004,two_wheeled_motor_vehicles,195800000.0,315108772.0,47954630518.0,0.006570976954597167
2024,Scotland,S92000003,two_wheeled_motor_vehicles,171300000.0,275679942.0,48930051492.0,0.005634164150533815
2024,Wales,W92000004,two_wheeled_motor_vehicles,132400000.0,213076616.0,30180113954.0,0.007060166052545979
2024,North West,E12000002,two_wheeled_motor_vehicles,179600000.0,289037464.0,59201824976.0,0.004882239088358741
2024,London,E12000007,two_wheeled_motor_vehicles,815300000.0,1312094902.0,31273499550.0,0.04195548694197864
2024,East of England,E12000006,two_wheeled_motor_vehicles,301600000.0,485376944.0,61608110144.0,0.007878458580623589
2024,Yorkshire and the Humber,E12000003,two_wheeled_motor_vehicles,158700000.0,255402258.0,45420402820.0,0.005623073379867484
2024,South East,E12000008,two_wheeled_motor_vehicles,437800000.0,704569052.0,86262233340.0,0.00816775806421522
2024,West Midlands,E12000005,two_wheeled_motor_vehicles,168400000.0,271012856.0,52698803904.0,0.00514267565718753
2024,North East,E12000001,two_wheeled_motor_vehicles,66100000.0,106377374.0,20957308282.0,0.005075908249694754
2015,South West,E12000009,cars_and_taxis,26091900000.0,41990738346.0,53413994600.0,0.7861373907803555
2015,East Midlands,E12000004,cars_and_taxis,21040200000.0,33860835468.0,44135666698.0,0.7671989119297568
2015,Scotland,S92000003,cars_and_taxis,21496900000.0,34595821046.0,45043334458.0,0.7680563941876543
2015,Wales,W92000004,cars_and_taxis,14109300000.0,22706660862.0,28739271852.0,0.7900917246245338
2015,North West,E12000002,cars_and_taxis,27638100000.0,44479099854.0,56390147062.0,0.788774319121672
2015,London,E12000007,cars_and_taxis,15407100000.0,24795262314.0,31623852868.0,0.7840683555383661
2015,East of England,E12000006,cars_and_taxis,27775100000.0,44699579434.0,57849496574.0,0.7726874403620977
2015,Yorkshire and the Humber,E12000003,cars_and_taxis,20719500000.0,33344720130.0,43639346242.0,0.7640976091870941
2015,South East,E12000008,cars_and_taxis,42370500000.0,68188540470.0,85841390930.0,0.7943550276999222
2015,West Midlands,E12000005,cars_and_taxis,24389300000.0,39250676062.0,50268539570.0,0.7808199004338012
2015,North East,E12000001,cars_and_taxis,9273000000.0,14923409820.0,18668826802.0,0.7993758782100463
2016,South West,E12000009,cars_and_taxis,26877800000.0,43255518652.0,55262965326.0,0.7827216363948758
2016,East Midlands,E12000004,cars_and_taxis,21640400000.0,34826761336.0,45367294600.0,0.7676622915927634
2016,Scotland,S92000003,cars_and_taxis,22051300000.0,35488039142.0,46552251642.0,0.7623270172818508
2016,Wales,W92000004,cars_and_taxis,14631800000.0,23547541012.0,29877718968.0,0.788130480684291
2016,North West,E12000002,cars_and_taxis,27725100000.0,44619112434.0,56734706756.0,0.7864518032303267
2016,London,E12000007,cars_and_taxis,15421400000.0,24818275876.0,32320375220.0,0.7678832843698651
2016,East of England,E12000006,cars_and_taxis,28162600000.0,45323198684.0,58893314498.0,0.7695813874686771
2016,Yorkshire and the Humber,E12000003,cars_and_taxis,21382900000.0,34412356286.0,45104167510.0,0.7629529195582752
2016,South East,E12000008,cars_and_taxis,42887200000.0,69020086448.0,87361734428.0,0.7900494066413432
2016,West Midlands,E12000005,cars_and_taxis,24707000000.0,39761963380.0,51332796112.0,0.7745918085826792
2016,North East,E12000001,cars_and_taxis,9337000000.0,15026407580.0,18937586582.0,0.7934700398562117
2017,South West,E12000009,cars_and_taxis,27670000000.0,44530437800.0,56815334690.0,0.783774979817865
2017,East Midlands,E12000004,cars_and_taxis,22002700000.0,35409825218.0,46132696704.0,0.7675646070551463
2017,Scotland,S92000003,cars_and_taxis,22416500000.0,36075770110.0,47751370876.0,0.7554918204061823
2017,Wales,W92000004,cars_and_taxis,14591200000.0,23482201808.0,30005178696.0,0.7826049644933599
2017,North West,E12000002,cars_and_taxis,27873300000.0,44857616622.0,56965164244.0,0.7874569873942695
2017,London,E12000007,cars_and_taxis,15397800000.0,24780295452.0,32275957436.0,0.7677632956709913
2017,East of England,E12000006,cars_and_taxis,29051500000.0,46753741010.0,60967592824.0,0.7668621778289286
2017,Yorkshire and the Humber,E12000003,cars_and_taxis,21404300000.0,34446796162.0,45188496926.0,0.76229125784842
2017,South East,E12000008,cars_and_taxis,43150300000.0,69443503802.0,87894104100.0,0.7900814794470383
2017,West Midlands,E12000005,cars_and_taxis,24932500000.0,40124869550.0,51819460528.0,0.7743204800119258
2017,North East,E12000001,cars_and_taxis,9458400000.0,15221781456.0,19296469402.0,0.788837643762041
2018,South West,E12000009,cars_and_taxis,27672500000.0,44534461150.0,56770273170.0,0.7844679735226999
2018,East Midlands,E12000004,cars_and_taxis,22171100000.0,35680838074.0,46538089450.0,0.7667018241549235
2018,Scotland,S92000003,cars_and_taxis,22554900000.0,36298502766.0,47875772858.0,0.7581810297592836
2018,Wales,W92000004,cars_and_taxis,14761100000.0,23755628674.0,30462714058.0,0.7798264011791618
2018,North West,E12000002,cars_and_taxis,28260800000.0,45481235872.0,57673112910.0,0.788603797803915
2018,London,E12000007,cars_and_taxis,15360300000.0,24719945202.0,32175373686.0,0.7682877421484627
2018,East of England,E12000006,cars_and_taxis,28935300000.0,46566735702.0,60907564442.0,0.764547657234657
2018,Yorkshire and the Humber,E12000003,cars_and_taxis,21901400000.0,35246799076.0,45988017038.0,0.7664344180545009
2018,South East,E12000008,cars_and_taxis,42884900000.0,69016384966.0,87690039788.0,0.7870493060882907
2018,West Midlands,E12000005,cars_and_taxis,24973200000.0,40190369688.0,52095945140.0,0.7714682895183961
2018,North East,E12000001,cars_and_taxis,9646900000.0,15525142046.0,19686251550.0,0.7886286531780095
2019,South West,E12000009,cars_and_taxis,28297800000.0,45540781452.0,57990313824.0,0.7853170374317304
2019,East Midlands,E12000004,cars_and_taxis,22657400000.0,36463460116.0,47457505392.0,0.7683391660562654
2019,Scotland,S92000003,cars_and_taxis,22790300000.0,36677341402.0,48347148544.0,0.758624707072859
2019,Wales,W92000004,cars_and_taxis,14937300000.0,24039194382.0,30708138408.0,0.7828281240173574
2019,North West,E12000002,cars_and_taxis,28876400000.0,46471945576.0,58871588408.0,0.7893781505254065
2019,London,E12000007,cars_and_taxis,15628900000.0,25152213926.0,32612148562.0,0.7712528930187571
2019,East of England,E12000006,cars_and_taxis,29013700000.0,46692907958.0,61098110298.0,0.7642283489662766
2019,Yorkshire and the Humber,E12000003,cars_and_taxis,22116000000.0,35592163440.0,46599405304.0,0.7637900786031027
2019,South East,E12000008,cars_and_taxis,43210500000.0,69540386070.0,88333132052.0,0.7872514474983512
2019,West Midlands,E12000005,cars_and_taxis,25258100000.0,40648870654.0,52461265320.0,0.7748358795018099
2019,North East,E12000001,cars_and_taxis,10100800000.0,16255621472.0,20437813330.0,0.7953698964526162
2020,South West,E12000009,cars_and_taxis,20960700000.0,33732892938.0,44795496098.0,0.7530420661979471
2020,East Midlands,E12000004,cars_and_taxis,17126900000.0,27563005246.0,37603355638.0,0.7329932336715784
2020,Scotland,S92000003,cars_and_taxis,16797100000.0,27032244914.0,37285993790.0,0.7249973023717547
2020,Wales,W92000004,cars_and_taxis,10966800000.0,17649309912.0,23453072754.0,0.7525372089672067
2020,North West,E12000002,cars_and_taxis,21937900000.0,35305539986.0,46868326018.0,0.75329210547099
2020,London,E12000007,cars_and_taxis,12453500000.0,20041915690.0,26736931024.0,0.7495967159435644
2020,East of England,E12000006,cars_and_taxis,22044800000.0,35477578432.0,48890783596.0,0.725649617833137
2020,Yorkshire and the Humber,E12000003,cars_and_taxis,16883900000.0,27171935626.0,37213412556.0,0.7301651141268153
2020,South East,E12000008,cars_and_taxis,31854700000.0,51265042898.0,68266110658.0,0.750958893129681
2020,West Midlands,E12000005,cars_and_taxis,18621600000.0,29968485744.0,40593992160.0,0.7382492863939105
2020,North East,E12000001,cars_and_taxis,7676500000.0,12354098510.0,16205570998.0,0.762336514493977
2021,South West,E12000009,cars_and_taxis,23913500000.0,38484952090.0,50870110862.0,0.7565336783794643
2021,East Midlands,E12000004,cars_and_taxis,19227200000.0,30943102048.0,42267544826.0,0.7320771096447977
2021,Scotland,S92000003,cars_and_taxis,19301900000.0,31063319746.0,42975010690.0,0.722822850937143
2021,Wales,W92000004,cars_and_taxis,12383000000.0,19928457220.0,26531740174.0,0.75111760816688
2021,North West,E12000002,cars_and_taxis,24620000000.0,39621950800.0,52298078244.0,0.7576177200076316
2021,London,E12000007,cars_and_taxis,13983400000.0,22504044956.0,29697633822.0,0.7577723225656116
2021,East of England,E12000006,cars_and_taxis,24596800000.0,39584614112.0,54279497652.0,0.7292737741566304
2021,Yorkshire and the Humber,E12000003,cars_and_taxis,18534600000.0,29828473164.0,40872086112.0,0.7298006048006048
2021,South East,E12000008,cars_and_taxis,35284900000.0,56785400966.0,75486414568.0,0.7522598773696733
2021,West Midlands,E12000005,cars_and_taxis,20912700000.0,33655644618.0,45545931340.0,0.7389385534080067
2021,North East,E12000001,cars_and_taxis,8601300000.0,13842416142.0,18049230902.0,0.7669255392187458
2022,South West,E12000009,cars_and_taxis,25812400000.0,41540927816.0,54508023932.0,0.7621066554865987
2022,East Midlands,E12000004,cars_and_taxis,21415100000.0,34464177034.0,46285744938.0,0.7445959242994781
2022,Scotland,S92000003,cars_and_taxis,21359700000.0,34375019598.0,46957322520.0,0.7320481184454041
2022,Wales,W92000004,cars_and_taxis,13818300000.0,22238342922.0,29215314624.0,0.7611878635642517
2022,North West,E12000002,cars_and_taxis,26912000000.0,43310558080.0,56524526952.0,0.7662259273178676
2022,London,E12000007,cars_and_taxis,14459500000.0,23270251730.0,30721334996.0,0.7574622565402789
2022,East of England,E12000006,cars_and_taxis,27473800000.0,44214685292.0,59660808744.0,0.7411010045425609
2022,Yorkshire and the Humber,E12000003,cars_and_taxis,20294300000.0,32660428762.0,43893782896.0,0.7440786965066143
2022,South East,E12000008,cars_and_taxis,39319900000.0,63279087866.0,83074291734.0,0.7617168506066435
2022,West Midlands,E12000005,cars_and_taxis,23572600000.0,37936328084.0,50305071588.0,0.7541253175166837
2022,North East,E12000001,cars_and_taxis,9556400000.0,15379496776.0,19760281190.0,0.778303538705868
2023,South West,E12000009,cars_and_taxis,26570500000.0,42760968470.0,55817543890.0,0.7660847376994825
2023,East Midlands,E12000004,cars_and_taxis,22058800000.0,35500109192.0,47270339150.0,0.7510017873861605
2023,Scotland,S92000003,cars_and_taxis,21979300000.0,35372166662.0,48018199448.0,0.7366408376121084
2023,Wales,W92000004,cars_and_taxis,14263800000.0,22955303892.0,29771341594.0,0.7710537269380673
2023,North West,E12000002,cars_and_taxis,27723700000.0,44616859358.0,57801860110.0,0.7718931410354573
2023,London,E12000007,cars_and_taxis,14591000000.0,23481879940.0,30893856244.0,0.7600825146119625
2023,East of England,E12000006,cars_and_taxis,28290700000.0,45529355138.0,60995917208.0,0.7464328306227771
2023,Yorkshire and the Humber,E12000003,cars_and_taxis,20907300000.0,33646954182.0,44866467992.0,0.7499354348106805
2023,South East,E12000008,cars_and_taxis,40593600000.0,65328904224.0,85010327754.0,0.7684819709558887
2023,West Midlands,E12000005,cars_and_taxis,24387700000.0,39248101118.0,51531871470.0,0.7616277072500429
2023,North East,E12000001,cars_and_taxis,9933300000.0,15986057022.0,20386153516.0,0.7841624958555031
2024,South West,E12000009,cars_and_taxis,26973900000.0,43410176226.0,56535953266.0,0.7678330994395088
2024,East Midlands,E12000004,cars_and_taxis,22441400000.0,36115842676.0,47954630518.0,0.753125241209892
2024,Scotland,S92000003,cars_and_taxis,22438600000.0,36111336524.0,48930051492.0,0.7380195896565561
2024,Wales,W92000004,cars_and_taxis,14494300000.0,23326256762.0,30180113954.0,0.7729015469442385
2024,North West,E12000002,cars_and_taxis,28589100000.0,46009582194.0,59201824976.0,0.7771649305178
2024,London,E12000007,cars_and_taxis,14726900000.0,23700589246.0,31273499550.0,0.7578489643638235
2024,East of England,E12000006,cars_and_taxis,28721900000.0,46223302546.0,61608110144.0,0.7502795076485831
2024,Yorkshire and the Humber,E12000003,cars_and_taxis,21202600000.0,34122192284.0,45420402820.0,0.7512525245367254
2024,South East,E12000008,cars_and_taxis,41333100000.0,66519011154.0,86262233340.0,0.7711255387026361
2024,West Midlands,E12000005,cars_and_taxis,24972700000.0,40189565018.0,52698803904.0,0.762627650737809
2024,North East,E12000001,cars_and_taxis,10235200000.0,16471916768.0,20957308282.0,0.7859748277953972
2015,South West,E12000009,buses_and_coaches,251300000.0,404427142.0,53413994600.0,0.007571557698101838
2015,East Midlands,E12000004,buses_and_coaches,184100000.0,296279494.0,44135666698.0,0.006712926668295369
2015,Scotland,S92000003,buses_and_coaches,364500000.0,586604430.0,45043334458.0,0.013023112899134293
2015,Wales,W92000004,buses_and_coaches,149700000.0,240918198.0,28739271852.0,0.008382891509592446
2015,North West,E12000002,buses_and_coaches,287400000.0,462524316.0,56390147062.0,0.008202218651628315
2015,London,E12000007,buses_and_coaches,343100000.0,552164554.0,31623852868.0,0.01746038208262511
2015,East of England,E12000006,buses_and_coaches,230800000.0,371435672.0,57849496574.0,0.006420724362309124
2015,Yorkshire and the Humber,E12000003,buses_and_coaches,222700000.0,358400018.0,43639346242.0,0.00821277239151359
2015,South East,E12000008,buses_and_coaches,303500000.0,488434690.0,85841390930.0,0.0056899670975543454
2015,West Midlands,E12000005,buses_and_coaches,249700000.0,401852198.0,50268539570.0,0.007994109266699748
2015,North East,E12000001,buses_and_coaches,136100000.0,219031174.0,18668826802.0,0.011732455195124263
2016,South West,E12000009,buses_and_coaches,236000000.0,379804240.0,55262965326.0,0.006872672100737065
2016,East Midlands,E12000004,buses_and_coaches,218900000.0,352284526.0,45367294600.0,0.007765164952110677
2016,Scotland,S92000003,buses_and_coaches,319500000.0,514184130.0,46552251642.0,0.01104531170595617
2016,Wales,W92000004,buses_and_coaches,129600000.0,208570464.0,29877718968.0,0.006980802792321117
2016,North West,E12000002,buses_and_coaches,271200000.0,436453008.0,56734706756.0,0.0076928750134738775
2016,London,E12000007,buses_and_coaches,325400000.0,523679236.0,32320375220.0,0.016202758552009162
2016,East of England,E12000006,buses_and_coaches,222100000.0,357434414.0,58893314498.0,0.0060691848819637816
2016,Yorkshire and the Humber,E12000003,buses_and_coaches,206900000.0,332972446.0,45104167510.0,0.00738229889568801
2016,South East,E12000008,buses_and_coaches,290200000.0,467030468.0,87361734428.0,0.005345938597234554
2016,West Midlands,E12000005,buses_and_coaches,263200000.0,423578288.0,51332796112.0,0.008251611446916305
2016,North East,E12000001,buses_and_coaches,129200000.0,207926728.0,18937586582.0,0.010979579002829877
2017,South West,E12000009,buses_and_coaches,228600000.0,367895124.0,56815334690.0,0.006475278655090855
2017,East Midlands,E12000004,buses_and_coaches,230900000.0,371596606.0,46132696704.0,0.00805495088189328
2017,Scotland,S92000003,buses_and_coaches,326000000.0,524644840.0,47751370876.0,0.010987011061156534
2017,Wales,W92000004,buses_and_coaches,124300000.0,200040962.0,30005178696.0,0.00666688120829847
2017,North West,E12000002,buses_and_coaches,208200000.0,335064588.0,56965164244.0,0.005881920862455716
2017,London,E12000007,buses_and_coaches,314800000.0,506620232.0,32275957436.0,0.0156965206378332
2017,East of England,E12000006,buses_and_coaches,213000000.0,342789420.0,60967592824.0,0.005622485719414205
2017,Yorkshire and the Humber,E12000003,buses_and_coaches,206500000.0,332328710.0,45188496926.0,0.007354276698873531
2017,South East,E12000008,buses_and_coaches,275900000.0,444016906.0,87894104100.0,0.005051725716378285
2017,West Midlands,E12000005,buses_and_coaches,247500000.0,398311650.0,51819460528.0,0.007686526373326045
2017,North East,E12000001,buses_and_coaches,154200000.0,248160228.0,19296469402.0,0.012860395486351468
2018,South West,E12000009,buses_and_coaches,220800000.0,355342272.0,56770273170.0,0.006259301781689841
2018,East Midlands,E12000004,buses_and_coaches,225500000.0,362906170.0,46538089450.0,0.0077980461658165474
2018,Scotland,S92000003,buses_and_coaches,289800000.0,466386732.0,47875772858.0,0.009741602154043707
2018,Wales,W92000004,buses_and_coaches,122000000.0,196339480.0,30462714058.0,0.0064452392398844085
2018,North West,E12000002,buses_and_coaches,198500000.0,319453990.0,57673112910.0,0.0055390453866867575
2018,London,E12000007,buses_and_coaches,311400000.0,501148476.0,32175373686.0,0.015575529312906082
2018,East of England,E12000006,buses_and_coaches,207900000.0,334581786.0,60907564442.0,0.005493271469073595
2018,Yorkshire and the Humber,E12000003,buses_and_coaches,203100000.0,326856954.0,45988017038.0,0.007107437438103004
2018,South East,E12000008,buses_and_coaches,269400000.0,433556196.0,87690039788.0,0.004944189751175484
2018,West Midlands,E12000005,buses_and_coaches,228000000.0,366929520.0,52095945140.0,0.007043341262240895
2018,North East,E12000001,buses_and_coaches,151100000.0,243171274.0,19686251550.0,0.012352340077661965
2019,South West,E12000009,buses_and_coaches,220200000.0,354376668.0,57990313824.0,0.006110963101105635
2019,East Midlands,E12000004,buses_and_coaches,223600000.0,359848424.0,47457505392.0,0.00758253981172513
2019,Scotland,S92000003,buses_and_coaches,319500000.0,514184130.0,48347148544.0,0.010635252449936088
2019,Wales,W92000004,buses_and_coaches,115100000.0,185235034.0,30708138408.0,0.006032115380584031
2019,North West,E12000002,buses_and_coaches,199000000.0,320258660.0,58871588408.0,0.0054399527626212375
2019,London,E12000007,buses_and_coaches,280300000.0,451098002.0,32612148562.0,0.01383220737948017
2019,East of England,E12000006,buses_and_coaches,206800000.0,332811512.0,61098110298.0,0.005447165393115183
2019,Yorkshire and the Humber,E12000003,buses_and_coaches,191800000.0,308671412.0,46599405304.0,0.006623934575695202
2019,South East,E12000008,buses_and_coaches,270000000.0,434521800.0,88333132052.0,0.004919125925979908
2019,West Midlands,E12000005,buses_and_coaches,176400000.0,283887576.0,52461265320.0,0.00541137493097736
2019,North East,E12000001,buses_and_coaches,153100000.0,246389954.0,20437813330.0,0.012055592739871649
2020,South West,E12000009,buses_and_coaches,143800000.0,231423092.0,44795496098.0,0.005166213395509921
2020,East Midlands,E12000004,buses_and_coaches,187500000.0,301751250.0,37603355638.0,0.008024583042665102
2020,Scotland,S92000003,buses_and_coaches,234600000.0,377551164.0,37285993790.0,0.01012581738135831
2020,Wales,W92000004,buses_and_coaches,74300000.0,119573962.0,23453072754.0,0.005098434787382231
2020,North West,E12000002,buses_and_coaches,129300000.0,208087662.0,46868326018.0,0.004439835592166935
2020,London,E12000007,buses_and_coaches,226100000.0,363871774.0,26736931024.0,0.013609332113449222
2020,East of England,E12000006,buses_and_coaches,130200000.0,209536068.0,48890783596.0,0.004285798929537779
2020,Yorkshire and the Humber,E12000003,buses_and_coaches,118600000.0,190867724.0,37213412556.0,0.005129003520243563
2020,South East,E12000008,buses_and_coaches,162900000.0,262161486.0,68266110658.0,0.003840287420406566
2020,West Midlands,E12000005,buses_and_coaches,92300000.0,148542082.0,40593992160.0,0.0036592134475103076
2020,North East,E12000001,buses_and_coaches,128500000.0,206800190.0,16205570998.0,0.012761055443558399
2021,South West,E12000009,buses_and_coaches,164100000.0,264092694.0,50870110862.0,0.005191510093548418
2021,East Midlands,E12000004,buses_and_coaches,200700000.0,322994538.0,42267544826.0,0.00764166784064819
2021,Scotland,S92000003,buses_and_coaches,263600000.0,424222024.0,42975010690.0,0.009871365176849476
2021,Wales,W92000004,buses_and_coaches,91900000.0,147898346.0,26531740174.0,0.005574392973474624
2021,North West,E12000002,buses_and_coaches,140700000.0,226434138.0,52298078244.0,0.00432968372075848
2021,London,E12000007,buses_and_coaches,239000000.0,384632260.0,29697633822.0,0.012951612990630402
2021,East of England,E12000006,buses_and_coaches,155200000.0,249769568.0,54279497652.0,0.004601545312768695
2021,Yorkshire and the Humber,E12000003,buses_and_coaches,136800000.0,220157712.0,40872086112.0,0.0053865053865053865
2021,South East,E12000008,buses_and_coaches,184100000.0,296279494.0,75486414568.0,0.003924937959970323
2021,West Midlands,E12000005,buses_and_coaches,110700000.0,178153938.0,45545931340.0,0.003911522561040246
2021,North East,E12000001,buses_and_coaches,119600000.0,192477064.0,18049230902.0,0.01066400363788753
2022,South West,E12000009,buses_and_coaches,169800000.0,273265932.0,54508023932.0,0.00501331569716975
2022,East Midlands,E12000004,buses_and_coaches,204800000.0,329592832.0,46285744938.0,0.007120828074420998
2022,Scotland,S92000003,buses_and_coaches,293700000.0,472663158.0,46957322520.0,0.010065803002261979
2022,Wales,W92000004,buses_and_coaches,110200000.0,177349268.0,29215314624.0,0.006070421293848052
2022,North West,E12000002,buses_and_coaches,156700000.0,252183578.0,56524526952.0,0.0044614894028949855
2022,London,E12000007,buses_and_coaches,247800000.0,398794452.0,30721334996.0,0.012981026119207519
2022,East of England,E12000006,buses_and_coaches,164700000.0,265058298.0,59660808744.0,0.004442754021946719
2022,Yorkshire and the Humber,E12000003,buses_and_coaches,155500000.0,250252370.0,43893782896.0,0.005701316985891532
2022,South East,E12000008,buses_and_coaches,198800000.0,319936792.0,83074291734.0,0.003851212996487802
2022,West Midlands,E12000005,buses_and_coaches,120100000.0,193281734.0,50305071588.0,0.0038421918088693526
2022,North East,E12000001,buses_and_coaches,128900000.0,207443926.0,19760281190.0,0.010498025003054119
2023,South West,E12000009,buses_and_coaches,167300000.0,269242582.0,55817543890.0,0.0048236193002436315
2023,East Midlands,E12000004,buses_and_coaches,197100000.0,317200914.0,47270339150.0,0.006710358328368372
2023,Scotland,S92000003,buses_and_coaches,281800000.0,453512012.0,48018199448.0,0.00944458595310552
2023,Wales,W92000004,buses_and_coaches,109500000.0,176222730.0,29771341594.0,0.005919206880334719
2023,North West,E12000002,buses_and_coaches,154500000.0,248643030.0,57801860110.0,0.004301644091155876
2023,London,E12000007,buses_and_coaches,253000000.0,407163020.0,30893856244.0,0.013179417188460456
2023,East of England,E12000006,buses_and_coaches,162000000.0,260713080.0,60995917208.0,0.004274270999335113
2023,Yorkshire and the Humber,E12000003,buses_and_coaches,151700000.0,244136878.0,44866467992.0,0.005441410677647532
2023,South East,E12000008,buses_and_coaches,198700000.0,319775858.0,85010327754.0,0.003761611870564204
2023,West Midlands,E12000005,buses_and_coaches,120800000.0,194408272.0,51531871470.0,0.0037725831888946143
2023,North East,E12000001,buses_and_coaches,122100000.0,196500414.0,20386153516.0,0.009638915641726005
2024,South West,E12000009,buses_and_coaches,170300000.0,274070602.0,56535953266.0,0.004847722310624283
2024,East Midlands,E12000004,buses_and_coaches,197900000.0,318488386.0,47954630518.0,0.006641452192618893
2024,Scotland,S92000003,buses_and_coaches,283600000.0,456408824.0,48930051492.0,0.009327781395746585
2024,Wales,W92000004,buses_and_coaches,111600000.0,179602344.0,30180113954.0,0.005951016098671686
2024,North West,E12000002,buses_and_coaches,159800000.0,257172532.0,59201824976.0,0.0043439966944305505
2024,London,E12000007,buses_and_coaches,258100000.0,415370654.0,31273499550.0,0.013281873150649685
2024,East of England,E12000006,buses_and_coaches,163500000.0,263127090.0,61608110144.0,0.004270981359190839
2024,Yorkshire and the Humber,E12000003,buses_and_coaches,153500000.0,247033690.0,45420402820.0,0.0054388264890337665
2024,South East,E12000008,buses_and_coaches,204100000.0,328466294.0,86262233340.0,0.0038077647805078263
2024,West Midlands,E12000005,buses_and_coaches,123000000.0,197948820.0,52698803904.0,0.003756229844620346
2024,North East,E12000001,buses_and_coaches,125000000.0,201167500.0,20957308282.0,0.00959891877778887
2015,South West,E12000009,LGVs,5075200000.0,8167722368.0,53413994600.0,0.15291352817113588
2015,East Midlands,E12000004,LGVs,4087100000.0,6577533514.0,44135666698.0,0.1490298891145573
2015,Scotland,S92000003,LGVs,4390400000.0,7065646336.0,45043334458.0,0.15686330554831057
2015,Wales,W92000004,LGVs,2774300000.0,4464791962.0,28739271852.0,0.15535508293294806
2015,North West,E12000002,LGVs,4997700000.0,8042998518.0,56390147062.0,0.142631274026593
2015,London,E12000007,LGVs,2820200000.0,4538660668.0,31623852868.0,0.14352016773366175
2015,East of England,E12000006,LGVs,5596700000.0,9006993178.0,57849496574.0,0.15569700190006705
2015,Yorkshire and the Humber,E12000003,LGVs,4176500000.0,6721408510.0,43639346242.0,0.1540217507550809
2015,South East,E12000008,LGVs,7775400000.0,12513262236.0,85841390930.0,0.1457718951246262
2015,West Midlands,E12000005,LGVs,4460000000.0,7177656400.0,50268539570.0,0.14278625282130908
2015,North East,E12000001,LGVs,1681300000.0,2705783342.0,18668826802.0,0.14493590682999577
2016,South West,E12000009,LGVs,5440500000.0,8755614270.0,55262965326.0,0.15843547696635593
2016,East Midlands,E12000004,LGVs,4181600000.0,6729616144.0,45367294600.0,0.14833628946434907
2016,Scotland,S92000003,LGVs,4797900000.0,7721452386.0,46552251642.0,0.16586635691395027
2016,Wales,W92000004,LGVs,2975600000.0,4788752104.0,29877718968.0,0.16027837028418762
2016,North West,E12000002,LGVs,5139200000.0,8270720128.0,56734706756.0,0.1457788468629976
2016,London,E12000007,LGVs,3224400000.0,5189155896.0,32320375220.0,0.16055370213613504
2016,East of England,E12000006,LGVs,5830600000.0,9383417804.0,58893314498.0,0.1593290831732464
2016,Yorkshire and the Humber,E12000003,LGVs,4443600000.0,7151263224.0,45104167510.0,0.15854994380318627
2016,South East,E12000008,LGVs,8195800000.0,13189828772.0,87361734428.0,0.1509794746906098
2016,West Midlands,E12000005,LGVs,4769400000.0,7675586196.0,51332796112.0,0.1495259712573048
2016,North East,E12000001,LGVs,1790400000.0,2881362336.0,18937586582.0,0.15215045082559295
2017,South West,E12000009,LGVs,5633700000.0,9066538758.0,56815334690.0,0.1595790785616157
2017,East Midlands,E12000004,LGVs,4267500000.0,6867858450.0,46132696704.0,0.14887181848626926
2017,Scotland,S92000003,LGVs,5130700000.0,8257040738.0,47751370876.0,0.1729173547591283
2017,Wales,W92000004,LGVs,3083300000.0,4962078022.0,30005178696.0,0.16537405333504968
2017,North West,E12000002,LGVs,5178900000.0,8334610926.0,56965164244.0,0.146310662606013
2017,London,E12000007,LGVs,3268100000.0,5259484054.0,32275957436.0,0.16295361847681922
2017,East of England,E12000006,LGVs,6162100000.0,9916914014.0,60967592824.0,0.16265877582911867
2017,Yorkshire and the Humber,E12000003,LGVs,4456600000.0,7172184644.0,45188496926.0,0.15871704375883672
2017,South East,E12000008,LGVs,8278700000.0,13323243058.0,87894104100.0,0.151582898471116
2017,West Midlands,E12000005,LGVs,4843200000.0,7794355488.0,51819460528.0,0.1504136748739099
2017,North East,E12000001,LGVs,1847500000.0,2973255650.0,19296469402.0,0.15408288366429532
2018,South West,E12000009,LGVs,5627100000.0,9055917114.0,56770273170.0,0.15951864608581026
2018,East Midlands,E12000004,LGVs,4318800000.0,6950417592.0,46538089450.0,0.14934901011498228
2018,Scotland,S92000003,LGVs,5106700000.0,8218416578.0,47875772858.0,0.17166128267789854
2018,Wales,W92000004,LGVs,3179300000.0,5116574662.0,30462714058.0,0.16796187799479098
2018,North West,E12000002,LGVs,5264400000.0,8472209496.0,57673112910.0,0.14690050646687036
2018,London,E12000007,LGVs,3259900000.0,5246287466.0,32175373686.0,0.16305288377373967
2018,East of England,E12000006,LGVs,6226400000.0,10020394576.0,60907564442.0,0.16451806385300544
2018,Yorkshire and the Humber,E12000003,LGVs,4459900000.0,7177495466.0,45988017038.0,0.1560731670615243
2018,South East,E12000008,LGVs,8427000000.0,13561908180.0,87690039788.0,0.15465733865313958
2018,West Midlands,E12000005,LGVs,4985200000.0,8022881768.0,52095945140.0,0.15400203886194433
2018,North East,E12000001,LGVs,1902100000.0,3061125614.0,19686251550.0,0.15549560596770898
2019,South West,E12000009,LGVs,5737600000.0,9233749184.0,57990313824.0,0.15922916389147906
2019,East Midlands,E12000004,LGVs,4409200000.0,7095901928.0,47457505392.0,0.14952117414069072
2019,Scotland,S92000003,LGVs,5143100000.0,8276996554.0,48347148544.0,0.17119927034512142
2019,Wales,W92000004,LGVs,3194400000.0,5140875696.0,30708138408.0,0.16741085466322872
2019,North West,E12000002,LGVs,5414200000.0,8713288628.0,58871588408.0,0.1480049861677583
2019,London,E12000007,LGVs,3264400000.0,5253529496.0,32612148562.0,0.1610911800555657
2019,East of England,E12000006,LGVs,6289400000.0,10121782996.0,61098110298.0,0.1656644198426433
2019,Yorkshire and the Humber,E12000003,LGVs,4576100000.0,7364500774.0,46599405304.0,0.1580385141388885
2019,South East,E12000008,LGVs,8513800000.0,13701598892.0,88333132052.0,0.15511279373558423
2019,West Midlands,E12000005,LGVs,4996000000.0,8040262640.0,52461265320.0,0.1532609362537579
2019,North East,E12000001,LGVs,1933100000.0,3111015154.0,20437813330.0,0.15221859128312137
2020,South West,E12000009,LGVs,5157800000.0,8300653852.0,44795496098.0,0.18530108102476406
2020,East Midlands,E12000004,LGVs,4018900000.0,6467776526.0,37603355638.0,0.1719999828808895
2020,Scotland,S92000003,LGVs,4596700000.0,7397653178.0,37285993790.0,0.1984030040788139
2020,Wales,W92000004,LGVs,2782800000.0,4478471352.0,23453072754.0,0.19095456697614097
2020,North West,E12000002,LGVs,5066400000.0,8153560176.0,46868326018.0,0.17396738626569652
2020,London,E12000007,LGVs,2877500000.0,4630875850.0,26736931024.0,0.17320147349159726
2020,East of England,E12000006,LGVs,5873100000.0,9451814754.0,48890783596.0,0.19332508212802096
2020,Yorkshire and the Humber,E12000003,LGVs,4162200000.0,6698394948.0,37213412556.0,0.17999948104517502
2020,South East,E12000008,LGVs,7768700000.0,12502479658.0,68266110658.0,0.18314328350468073
2020,West Midlands,E12000005,LGVs,4458700000.0,7175564258.0,40593992160.0,0.17676419283222328
2020,North East,E12000001,LGVs,1811600000.0,2915480344.0,16205570998.0,0.17990605479805755
2021,South West,E12000009,LGVs,5794500000.0,9325320630.0,50870110862.0,0.18331630248059907
2021,East Midlands,E12000004,LGVs,4576200000.0,7364661708.0,42267544826.0,0.1742391647851233
2021,Scotland,S92000003,LGVs,5433600000.0,8744509824.0,42975010690.0,0.2034789447076226
2021,Wales,W92000004,LGVs,3192200000.0,5137335148.0,26531740174.0,0.1936297850916833
2021,North West,E12000002,LGVs,5627800000.0,9057043652.0,52298078244.0,0.173181194340331
2021,London,E12000007,LGVs,2987800000.0,4808386052.0,29697633822.0,0.16191141963768
2021,East of England,E12000006,LGVs,6551200000.0,10543108208.0,54279497652.0,0.19423739467145798
2021,Yorkshire and the Humber,E12000003,LGVs,4611100000.0,7420827674.0,40872086112.0,0.18156224406224405
2021,South East,E12000008,LGVs,8622100000.0,13875890414.0,75486414568.0,0.18381970442509574
2021,West Midlands,E12000005,LGVs,4994600000.0,8038009564.0,45545931340.0,0.17648139641708774
2021,North East,E12000001,LGVs,1985400000.0,3195183636.0,18049230902.0,0.17702602694533362
2022,South West,E12000009,LGVs,6156900000.0,9908545446.0,54508023932.0,0.18178140998765863
2022,East Midlands,E12000004,LGVs,4875300000.0,7846015302.0,46285744938.0,0.1695125640196518
2022,Scotland,S92000003,LGVs,5798900000.0,9332401726.0,46957322520.0,0.1987422030296799
2022,Wales,W92000004,LGVs,3407400000.0,5483665116.0,29215314624.0,0.18769830777366472
2022,North West,E12000002,LGVs,5970400000.0,9608403536.0,56524526952.0,0.16998644754973977
2022,London,E12000007,LGVs,3031900000.0,4879357946.0,30721334996.0,0.15882636436975495
2022,East of England,E12000006,LGVs,6946100000.0,11178636574.0,59660808744.0,0.1873698464592842
2022,Yorkshire and the Humber,E12000003,LGVs,4731500000.0,7614592210.0,43893782896.0,0.1734776933681401
2022,South East,E12000008,LGVs,9227100000.0,14849541114.0,83074291734.0,0.17875013802762876
2022,West Midlands,E12000005,LGVs,5281500000.0,8499729210.0,50305071588.0,0.16896366393458356
2022,North East,E12000001,LGVs,2086800000.0,3358370712.0,19760281190.0,0.16995561347070082
2023,South West,E12000009,LGVs,6239600000.0,10041637864.0,55817543890.0,0.17990110571309123
2023,East Midlands,E12000004,LGVs,4905200000.0,7894134568.0,47270339150.0,0.16699974465911993
2023,Scotland,S92000003,LGVs,5896100000.0,9488829574.0,48018199448.0,0.1976090249755339
2023,Wales,W92000004,LGVs,3339800000.0,5374873732.0,29771341594.0,0.18053851268440085
2023,North West,E12000002,LGVs,6021400000.0,9690479876.0,57801860110.0,0.1676499658931132
2023,London,E12000007,LGVs,2989500000.0,4811121930.0,30893856244.0,0.15573070231186772
2023,East of England,E12000006,LGVs,6990700000.0,11250413138.0,60995917208.0,0.18444534737686405
2023,Yorkshire and the Humber,E12000003,LGVs,4785700000.0,7701818438.0,44866467992.0,0.17166090362569408
2023,South East,E12000008,LGVs,9206100000.0,14815744974.0,85010327754.0,0.17428170629894876
2023,West Midlands,E12000005,LGVs,5290300000.0,8513891402.0,51531871470.0,0.1652160334785528
2023,North East,E12000001,LGVs,2118900000.0,3410030526.0,20386153516.0,0.16727189478503876
2024,South West,E12000009,LGVs,6334700000.0,10194686098.0,56535953266.0,0.18032217569648648
2024,East Midlands,E12000004,LGVs,4965700000.0,7991499638.0,47954630518.0,0.16664709021166063
2024,Scotland,S92000003,LGVs,5992300000.0,9643648082.0,48930051492.0,0.19709049526703898
2024,Wales,W92000004,LGVs,3351400000.0,5393542076.0,30180113954.0,0.17871178631799542
2024,North West,E12000002,LGVs,6030600000.0,9705285804.0,59201824976.0,0.16393558489006807
2024,London,E12000007,LGVs,3072300000.0,4944375282.0,31273499550.0,0.15810111925897338
2024,East of England,E12000006,LGVs,6958200000.0,11198109588.0,61608110144.0,0.1817635626515088
2024,Yorkshire and the Humber,E12000003,LGVs,4872200000.0,7841026348.0,45420402820.0,0.17263225029231477
2024,South East,E12000008,LGVs,9305800000.0,14976196172.0,86262233340.0,0.17361243260386933
2024,West Midlands,E12000005,LGVs,5480100000.0,8819344134.0,52698803904.0,0.167353781882146
2024,North East,E12000001,LGVs,2169800000.0,3491945932.0,20957308282.0,0.1666218717123703
2015,South West,E12000009,all_HGVs,1405300000.0,2261605502.0,53413994600.0,0.04234106658632118
2015,East Midlands,E12000004,all_HGVs,1901000000.0,3059355340.0,44135666698.0,0.06931707548304995
2015,Scotland,S92000003,all_HGVs,1560000000.0,2510570400.0,45043334458.0,0.05573677948600685
2015,Wales,W92000004,all_HGVs,686200000.0,1104329108.0,28739271852.0,0.03842578593107774
2015,North West,E12000002,all_HGVs,1895400000.0,3050343036.0,56390147062.0,0.05409354638933997
2015,London,E12000007,all_HGVs,663400000.0,1067636156.0,31623852868.0,0.033760470631342174
2015,East of England,E12000006,all_HGVs,2051300000.0,3301239142.0,57849496574.0,0.05706599603294933
2015,Yorkshire and the Humber,E12000003,all_HGVs,1790900000.0,2882167006.0,43639346242.0,0.06604514627733135
2015,South East,E12000008,all_HGVs,2435800000.0,3920030372.0,85841390930.0,0.04566596987223352
2015,West Midlands,E12000005,all_HGVs,1939600000.0,3121475864.0,50268539570.0,0.06209601254982312
2015,North East,E12000001,all_HGVs,443700000.0,714064158.0,18668826802.0,0.03824901080144479
2016,South West,E12000009,all_HGVs,1410500000.0,2269974070.0,55262965326.0,0.04107586439868487
2016,East Midlands,E12000004,all_HGVs,1955400000.0,3146903436.0,45367294600.0,0.06936502305782193
2016,Scotland,S92000003,all_HGVs,1592100000.0,2562230214.0,46552251642.0,0.05503987720517315
2016,Wales,W92000004,all_HGVs,691500000.0,1112858610.0,29877718968.0,0.03724710749143559
2016,North West,E12000002,all_HGVs,1903100000.0,3062734954.0,56734706756.0,0.05398344556837071
2016,London,E12000007,all_HGVs,638200000.0,1027080788.0,32320375220.0,0.03177812079868546
2016,East of England,E12000006,all_HGVs,2095200000.0,3371889168.0,58893314498.0,0.05725419254700817
2016,Yorkshire and the Humber,E12000003,all_HGVs,1796300000.0,2890857442.0,45104167510.0,0.0640929120653667
2016,South East,E12000008,all_HGVs,2442400000.0,3930652016.0,87361734428.0,0.04499283401063293
2016,West Midlands,E12000005,all_HGVs,1960300000.0,3154789202.0,51332796112.0,0.061457575681573076
2016,North East,E12000001,all_HGVs,446600000.0,718731244.0,18937586582.0,0.037952631444766426
2017,South West,E12000009,all_HGVs,1431900000.0,2304413946.0,56815334690.0,0.04055971787499823
2017,East Midlands,E12000004,all_HGVs,1974600000.0,3177802764.0,46132696704.0,0.06888395847287342
2017,Scotland,S92000003,all_HGVs,1624300000.0,2614050962.0,47751370876.0,0.05474295112465202
2017,Wales,W92000004,all_HGVs,703800000.0,1132653492.0,30005178696.0,0.03774860011585248
2017,North West,E12000002,all_HGVs,1914400000.0,3080920496.0,56965164244.0,0.05408429058158128
2017,London,E12000007,all_HGVs,605900000.0,975099106.0,32275957436.0,0.030211314658396243
2017,East of England,E12000006,all_HGVs,2144200000.0,3450746828.0,60967592824.0,0.05659968957543634
2017,Yorkshire and the Humber,E12000003,all_HGVs,1815100000.0,2921113034.0,45188496926.0,0.06464284569552226
2017,South East,E12000008,all_HGVs,2461800000.0,3961873212.0,87894104100.0,0.045075528700906344
2017,West Midlands,E12000005,all_HGVs,1998200000.0,3215783188.0,51819460528.0,0.06205744242092971
2017,North East,E12000001,all_HGVs,456400000.0,734502776.0,19296469402.0,0.038064101815634306
2018,South West,E12000009,all_HGVs,1434900000.0,2309241966.0,56770273170.0,0.040676957094867544
2018,East Midlands,E12000004,all_HGVs,1991700000.0,3205322478.0,46538089450.0,0.06887524855191493
2018,Scotland,S92000003,all_HGVs,1621800000.0,2610027612.0,47875772858.0,0.05451666795523838
2018,Wales,W92000004,all_HGVs,702600000.0,1130722284.0,30462714058.0,0.03711823844215398
2018,North West,E12000002,all_HGVs,1903500000.0,3063378690.0,57673112910.0,0.05311623623958813
2018,London,E12000007,all_HGVs,597900000.0,962224386.0,32175373686.0,0.029905616493855317
2018,East of England,E12000006,all_HGVs,2184100000.0,3514959494.0,60907564442.0,0.05770973648678999
2018,Yorkshire and the Humber,E12000003,all_HGVs,1824600000.0,2936401764.0,45988017038.0,0.06385145420759597
2018,South East,E12000008,all_HGVs,2466900000.0,3970080846.0,87690039788.0,0.045274022632423166
2018,West Midlands,E12000005,all_HGVs,2002200000.0,3222220548.0,52095945140.0,0.06185165734762596
2018,North East,E12000001,all_HGVs,458600000.0,738043324.0,19686251550.0,0.037490292254240755
2019,South West,E12000009,all_HGVs,1456500000.0,2344003710.0,57990313824.0,0.04042060743306247
2019,East Midlands,E12000004,all_HGVs,2005300000.0,3227209502.0,47457505392.0,0.06800208892867801
2019,Scotland,S92000003,all_HGVs,1607600000.0,2587174984.0,48347148544.0,0.05351246271836387
2019,Wales,W92000004,all_HGVs,701000000.0,1128147340.0,30708138408.0,0.0367377313795778
2019,North West,E12000002,all_HGVs,1895100000.0,3049860234.0,58871588408.0,0.05180529889670104
2019,London,E12000007,all_HGVs,597500000.0,961580650.0,32612148562.0,0.029485351085406356
2019,East of England,E12000006,all_HGVs,2169400000.0,3491302196.0,61098110298.0,0.057142556111335
2019,Yorkshire and the Humber,E12000003,all_HGVs,1889200000.0,3040365128.0,46599405304.0,0.06524471950158173
2019,South East,E12000008,all_HGVs,2446500000.0,3937250310.0,88333132052.0,0.04457274658485128
2019,West Midlands,E12000005,all_HGVs,1999100000.0,3217231594.0,52461265320.0,0.06132584821154672
2019,North East,E12000001,all_HGVs,445200000.0,716478168.0,20437813330.0,0.03505649828733415
2020,South West,E12000009,all_HGVs,1325500000.0,2133180170.0,44795496098.0,0.04762041624303477
2020,East Midlands,E12000004,all_HGVs,1879300000.0,3024432662.0,37603355638.0,0.08042986086442948
2020,Scotland,S92000003,all_HGVs,1403900000.0,2259352426.0,37285993790.0,0.060595204696031246
2020,Wales,W92000004,all_HGVs,637900000.0,1026597986.0,23453072754.0,0.043772430025183384
2020,North West,E12000002,all_HGVs,1835100000.0,2953299834.0,46868326018.0,0.0630127014322161
2020,London,E12000007,all_HGVs,593000000.0,954338620.0,26736931024.0,0.03569364857706939
2020,East of England,E12000006,all_HGVs,2107600000.0,3391844984.0,48890783596.0,0.06937595870886193
2020,Yorkshire and the Humber,E12000003,all_HGVs,1812200000.0,2916445948.0,37213412556.0,0.07837082781943831
2020,South East,E12000008,all_HGVs,2283900000.0,3675571626.0,68266110658.0,0.05384181976345338
2020,West Midlands,E12000005,all_HGVs,1922000000.0,3093151480.0,40593992160.0,0.07619727243894703
2020,North East,E12000001,all_HGVs,402800000.0,648242152.0,16205570998.0,0.04000119169389356
2021,South West,E12000009,all_HGVs,1450800000.0,2334830472.0,50870110862.0,0.04589788448336407
2021,East Midlands,E12000004,all_HGVs,2073700000.0,3337288358.0,42267544826.0,0.07895628600474415
2021,Scotland,S92000003,all_HGVs,1553200000.0,2499626888.0,42975010690.0,0.058164660063287583
2021,Wales,W92000004,all_HGVs,695500000.0,1119295970.0,26531740174.0,0.042187054548983687
2021,North West,E12000002,all_HGVs,1938500000.0,3119705590.0,52298078244.0,0.059652394404337686
2021,London,E12000007,all_HGVs,635500000.0,1022735570.0,29697633822.0,0.034438284751236906
2021,East of England,E12000006,all_HGVs,2164500000.0,3483416430.0,54279497652.0,0.06417554658175155
2021,Yorkshire and the Humber,E12000003,all_HGVs,1956700000.0,3148995578.0,40872086112.0,0.07704513954513954
2021,South East,E12000008,all_HGVs,2436800000.0,3921639712.0,75486414568.0,0.051951595985093336
2021,West Midlands,E12000005,all_HGVs,2134100000.0,3434492494.0,45545931340.0,0.07540722942652203
2021,North East,E12000001,all_HGVs,446600000.0,718731244.0,18049230902.0,0.03982060221304825
2022,South West,E12000009,all_HGVs,1413100000.0,2274158354.0,54508023932.0,0.04172153363763589
2022,East Midlands,E12000004,all_HGVs,2065300000.0,3323769902.0,46285744938.0,0.0718097960063559
2022,Scotland,S92000003,all_HGVs,1556800000.0,2505420512.0,46957322520.0,0.05335526766742066
2022,Wales,W92000004,all_HGVs,681300000.0,1096443342.0,29215314624.0,0.03752974616604971
2022,North West,E12000002,all_HGVs,1897600000.0,3053883584.0,56524526952.0,0.05402758322229435
2022,London,E12000007,all_HGVs,648600000.0,1043817924.0,30721334996.0,0.033976971512986266
2022,East of England,E12000006,all_HGVs,2188300000.0,3521718722.0,59660808744.0,0.059029014124019466
2022,Yorkshire and the Humber,E12000003,all_HGVs,1925000000.0,3097979500.0,43893782896.0,0.07057900448772475
2022,South East,E12000008,all_HGVs,2453300000.0,3948193822.0,83074291734.0,0.04752606058492719
2022,West Midlands,E12000005,all_HGVs,2111300000.0,3397799542.0,50305071588.0,0.06754387648680986
2022,North East,E12000001,all_HGVs,440200000.0,708431468.0,19760281190.0,0.03585128476605449
2023,South West,E12000009,all_HGVs,1387100000.0,2232315514.0,55817543890.0,0.03999308028313175
2023,East Midlands,E12000004,all_HGVs,2016100000.0,3244590374.0,47270339150.0,0.06863903310920079
2023,Scotland,S92000003,all_HGVs,1510600000.0,2431069004.0,48018199448.0,0.05062807502044428
2023,Wales,W92000004,all_HGVs,656400000.0,1056370776.0,29771341594.0,0.03548280727170511
2023,North West,E12000002,all_HGVs,1839300000.0,2960059062.0,57801860110.0,0.05121044645218771
2023,London,E12000007,all_HGVs,621000000.0,999400140.0,30893856244.0,0.03234947855349385
2023,East of England,E12000006,all_HGVs,2158400000.0,3473599456.0,60995917208.0,0.05694806496891919
2023,Yorkshire and the Humber,E12000003,all_HGVs,1875700000.0,3018639038.0,44866467992.0,0.06728051422586338
2023,South East,E12000008,all_HGVs,2396000000.0,3855978640.0,85010327754.0,0.04535894334107616
2023,West Midlands,E12000005,all_HGVs,2054800000.0,3306871832.0,51531871470.0,0.0641713902031511
2023,North East,E12000001,all_HGVs,428900000.0,690245926.0,20386153516.0,0.033858566083016246
2024,South West,E12000009,all_HGVs,1326700000.0,2135111378.0,56535953266.0,0.037765550143894516
2024,East Midlands,E12000004,all_HGVs,1996900000.0,3213691046.0,47954630518.0,0.06701523943123126
2024,Scotland,S92000003,all_HGVs,1518000000.0,2442978120.0,48930051492.0,0.04992796953012452
2024,Wales,W92000004,all_HGVs,663400000.0,1067636156.0,30180113954.0,0.03537548458654836
2024,North West,E12000002,all_HGVs,1827300000.0,2940746982.0,59201824976.0,0.04967324880934258
2024,London,E12000007,all_HGVs,559900000.0,901069466.0,31273499550.0,0.02881255628457481
2024,East of England,E12000006,all_HGVs,2136400000.0,3438193976.0,61608110144.0,0.05580748976009362
2024,Yorkshire and the Humber,E12000003,all_HGVs,1836000000.0,2954748240.0,45420402820.0,0.06505332530205861
2024,South East,E12000008,all_HGVs,2320200000.0,3733990668.0,86262233340.0,0.04328650584877148
2024,West Midlands,E12000005,all_HGVs,2001400000.0,3220933076.0,52698803904.0,0.06111966187823708
2024,North East,E12000001,all_HGVs,426200000.0,685900708.0,20957308282.0,0.03272847346474893
