region_name,year,vehicle_std,activity_km,share_activity,co2e_tonnes
South West,2015,motorcycle,589501242.0,0.0110364567640855,51697.785170295
East Midlands,2015,motorcycle,341662882.0,0.0077411968043406,29962.980594195
Scotland,2015,motorcycle,284692246.0,0.0063204078788939,24966.798243585
Wales,2015,motorcycle,222571722.0,0.0077445150018479,19518.983590095
North West,2015,motorcycle,355181338.0,0.0062986418107667,31148.515389254997
London,2015,motorcycle,670129176.0,0.0211906240140049,58768.65341226
East of England,2015,motorcycle,470249148.0,0.0081288373425768,41239.67465673
Yorkshire and the Humber,2015,motorcycle,332650578.0,0.00762272138898,29172.624064154996
South East,2015,motorcycle,731123162.0,0.0085171402056637,64117.673499495
West Midlands,2015,motorcycle,316879046.0,0.0063037249283667,27789.500136585
North East,2015,motorcycle,106538308.0,0.0057067489633888,9343.143265829998
South West,2016,motorcycle,602054094.0,0.0108943501393463,52798.638908565
East Midlands,2016,motorcycle,311729158.0,0.0068712309329549,27337.867833705
Scotland,2016,motorcycle,266345770.0,0.0057214368930696,23357.858164575
Wales,2016,motorcycle,219996778.0,0.0073632387477646,19293.167438655
North West,2016,motorcycle,345686232.0,0.006093029324831,30315.81833082
London,2016,motorcycle,762183424.0,0.0235821341433052,66841.58082624
East of England,2016,motorcycle,457374428.0,0.0077661519291044,40110.59389953
Yorkshire and the Humber,2016,motorcycle,316718112.0,0.0070219256774838,27775.38662712
South East,2016,motorcycle,754136724.0,0.0086323460601795,66135.90535299
West Midlands,2016,motorcycle,316879046.0,0.0061730330315266,27789.500136585
North East,2016,motorcycle,103158694.0,0.005447298870599,9046.759567065
South West,2017,motorcycle,546049062.0,0.0096109450904301,47887.137614745
East Midlands,2017,motorcycle,305613666.0,0.0066246651038178,26801.554474034998
Scotland,2017,motorcycle,279864226.0,0.0058608626488807,24543.392959635
Wales,2017,motorcycle,228204412.0,0.0076055008474394,20012.95642137
North West,2017,motorcycle,356951612.0,0.0062661385556804,31303.76399337
London,2017,motorcycle,754458592.0,0.0233752505559599,66164.13237192
East of England,2017,motorcycle,503401552.0,0.0082568710471021,44147.05760652
Yorkshire and the Humber,2017,motorcycle,316074376.0,0.0069945759983475,27718.93258926
South East,2017,motorcycle,721467122.0,0.008208367664561,63270.862931594995
West Midlands,2017,motorcycle,286140652.0,0.0055218763199085,25093.81982877
North East,2017,motorcycle,118769292.0,0.0061549752716779,10415.76998517
South West,2018,motorcycle,515310668.0,0.0090771215149324,45191.457306929995
East Midlands,2018,motorcycle,338605136.0,0.0072758710123627,29694.823914359997
Scotland,2018,motorcycle,282439170.0,0.0058994174535357,24769.209111075
Wales,2018,motorcycle,263448958.0,0.0086482431440088,23103.814994204997
North West,2018,motorcycle,336834862.0,0.0058404141029397,29539.575310245
London,2018,motorcycle,745768156.0,0.0231782282710362,65402.00286081
East of England,2018,motorcycle,470892884.0,0.0077312709564739,41296.12869459
Yorkshire and the Humber,2018,motorcycle,300463778.0,0.0065335232382758,26349.922171154998
South East,2018,motorcycle,708109600.0,0.008075142874971,62099.441646
West Midlands,2018,motorcycle,293543616.0,0.0056346730097927,25743.04126416
North East,2018,motorcycle,118769292.0,0.0060331085223789,10415.76998517
South West,2019,motorcycle,517402810.0,0.0089222281426224,45374.932929974995
East Midlands,2019,motorcycle,311085422.0,0.0065550310626407,27281.413795844997
Scotland,2019,motorcycle,291451474.0,0.0060283074137196,25559.565641114998
Wales,2019,motorcycle,214685956.0,0.006991174559252,18827.42162631
North West,2019,motorcycle,316235310.0,0.0053716116475129,27733.046098724997
London,2019,motorcycle,793726488.0,0.0243383684607906,69607.82868138001
East of England,2019,motorcycle,459305636.0,0.0075175096866299,40279.95601310999
Yorkshire and the Humber,2019,motorcycle,293704550.0,0.0063027531807318,25757.154773624996
South East,2019,motorcycle,719374980.0,0.0081438862552334,63087.38730855
West Midlands,2019,motorcycle,271012856.0,0.005165961101908,23767.14993906
North East,2019,motorcycle,108308582.0,0.0052994212370565,9498.391869944999
South West,2020,motorcycle,397346046.0,0.008870223138744,34846.254869085
East Midlands,2020,motorcycle,246389954.0,0.0065523395404374,21607.782990915
Scotland,2020,motorcycle,219192108.0,0.0058786714720417,19222.59989133
Wales,2020,motorcycle,179119542.0,0.0076373592440867,15708.336034544998
North West,2020,motorcycle,247838360.0,0.0052879712389304,21734.8045761
London,2020,motorcycle,745929090.0,0.0278988298743198,65416.116370275
East of England,2020,motorcycle,360009358.0,0.0073635424004424,31571.920673205
Yorkshire and the Humber,2020,motorcycle,235768310.0,0.0063355734883278,20676.291366225
South East,2020,motorcycle,560854990.0,0.0082157161817783,49185.580485524995
West Midlands,2020,motorcycle,208248596.0,0.0051300348874088,18262.88124771
North East,2020,motorcycle,80949802.0,0.0049951835705135,7099.095260895
South West,2021,motorcycle,460914976.0,0.0090606245630241,40421.091107759996
East Midlands,2021,motorcycle,299498174.0,0.0070857717246867,26265.241114365
Scotland,2021,motorcycle,243332208.0,0.0056621791150972,21339.626311080003
Wales,2021,motorcycle,198753490.0,0.0074911592189784,17430.184189275
North West,2021,motorcycle,272944064.0,0.0052190075269412,23936.51205264
London,2021,motorcycle,977834984.0,0.0329263600548411,85753.68350934
East of England,2021,motorcycle,418589334.0,0.0077117392773913,36709.238118465
Yorkshire and the Humber,2021,motorcycle,253631984.0,0.0062055062055062,22242.89091684
South East,2021,motorcycle,607203982.0,0.0080438842601673,53250.271211445
West Midlands,2021,motorcycle,239630726.0,0.0052612981873432,21015.015593385
North East,2021,motorcycle,100422816.0,0.0055638279849847,8806.82990616
South West,2022,motorcycle,511126384.0,0.009377085190937,44824.506060839994
East Midlands,2022,motorcycle,322189868.0,0.0069608876000931,28255.245948929998
Scotland,2022,motorcycle,271817526.0,0.0057886078552333,23837.717486384998
Wales,2022,motorcycle,219513976.0,0.0075136612021857,19250.82691026
North West,2022,motorcycle,299498174.0,0.0052985525072032,26265.241114365
London,2022,motorcycle,1129112944.0,0.0367533814577723,99020.38240644001
East of England,2022,motorcycle,480709858.0,0.0080573808521887,42157.052771955
Yorkshire and the Humber,2022,motorcycle,270530054.0,0.0061632886516293,23724.809410665
South East,2022,motorcycle,677532140.0,0.0081557377843127,59417.87484765
West Midlands,2022,motorcycle,277933018.0,0.0055249502530535,24374.030846055
North East,2022,motorcycle,106538308.0,0.0053915380543225,9343.143265829998
South West,2023,motorcycle,513379460.0,0.0091974570040509,45022.095193350004
East Midlands,2023,motorcycle,314304102.0,0.0066490765171503,27563.683985145
Scotland,2023,motorcycle,272622196.0,0.0056774764388079,23908.28503371
Wales,2023,motorcycle,208570464.0,0.007005746225492,18291.10826664
North West,2023,motorcycle,285818784.0,0.0049448025280859,25065.59280984
London,2023,motorcycle,1194291214.0,0.0386578873342154,104736.353739765
East of England,2023,motorcycle,481836396.0,0.0078994860321045,42255.84733821
Yorkshire and the Humber,2023,motorcycle,254919456.0,0.0056817366601144,22355.798992559998
South East,2023,motorcycle,689924058.0,0.0081157675335222,60504.615076455
West Midlands,2023,motorcycle,268598846.0,0.0052122858793585,23555.447297084997
North East,2023,motorcycle,103319628.0,0.0050681276347158,9060.87307653
South West,2024,motorcycle,521908962.0,0.0092314524094859,45770.111194995
East Midlands,2024,motorcycle,315108772.0,0.0065709769545971,27634.25153247
Scotland,2024,motorcycle,275679942.0,0.0056341641505338,24176.441713545
Wales,2024,motorcycle,213076616.0,0.0070601660525459,18686.286531659996
North West,2024,motorcycle,289037464.0,0.0048822390883587,25347.862999139998
London,2024,motorcycle,1312094902.0,0.0419554869419786,115067.442668145
East of England,2024,motorcycle,485376944.0,0.0078784585806235,42566.34454644
Yorkshire and the Humber,2024,motorcycle,255402258.0,0.0056230733798674,22398.139520955
South East,2024,motorcycle,704569052.0,0.0081677580642152,61788.94443777
West Midlands,2024,motorcycle,271012856.0,0.0051426756571875,23767.14993906
North East,2024,motorcycle,106377374.0,0.0050759082496947,9329.029756365
South West,2015,car,41990738346.0,0.7861373907803555,7008674.13733086
East Midlands,2015,car,33860835468.0,0.7671989119297568,5651712.047963881
Scotland,2015,car,34595821046.0,0.7680563941876543,5774388.49078786
Wales,2015,car,22706660862.0,0.7900917246245338,3789968.76447642
North West,2015,car,44479099854.0,0.788774319121672,7424006.5566311395
London,2015,car,24795262314.0,0.7840683555383661,4138577.2328297403
East of England,2015,car,44699579434.0,0.7726874403620977,7460806.803328941
Yorkshire and the Humber,2015,car,33344720130.0,0.7640976091870941,5565567.2368983
South East,2015,car,68188540470.0,0.7943550276999222,11381349.2898477
West Midlands,2015,car,39250676062.0,0.7808199004338012,6551330.34150842
North East,2015,car,14923409820.0,0.7993758782100463,2490866.3330562
South West,2016,car,43255518652.0,0.7827216363948758,7219778.61820532
East Midlands,2016,car,34826761336.0,0.7676622915927634,5812934.73459176
Scotland,2016,car,35488039142.0,0.7623270172818508,5923308.61319122
Wales,2016,car,23547541012.0,0.788130480684291,3930320.07031292
North West,2016,car,44619112434.0,0.7864518032303267,7447376.05635894
London,2016,car,24818275876.0,0.7678832843698651,4142418.42646316
East of England,2016,car,45323198684.0,0.7695813874686771,7564895.09234644
Yorkshire and the Humber,2016,car,34412356286.0,0.7629529195582752,5743766.387696261
South East,2016,car,69020086448.0,0.7900494066413432,11520142.629035681
West Midlands,2016,car,39761963380.0,0.7745918085826792,6636669.3077558
North East,2016,car,15026407580.0,0.7934700398562117,2508057.6891778
South West,2017,car,44530437800.0,0.783774979817865,7432575.373198
East Midlands,2017,car,35409825218.0,0.7675646070551463,5910253.92713638
Scotland,2017,car,36075770110.0,0.7554918204061823,6021406.789060101
Wales,2017,car,23482201808.0,0.7826049644933599,3919414.3037732802
North West,2017,car,44857616622.0,0.7874569873942695,7487184.79037802
London,2017,car,24780295452.0,0.7677632956709913,4136079.11389332
East of England,2017,car,46753741010.0,0.7668621778289286,7803666.911979101
Yorkshire and the Humber,2017,car,34446796162.0,0.76229125784842,5749514.74739942
South East,2017,car,69443503802.0,0.7900814794470383,11590815.21959182
West Midlands,2017,car,40124869550.0,0.7743204800119258,6697241.9765905
North East,2017,car,15221781456.0,0.788837643762041,2540667.54282096
South West,2018,car,44534461150.0,0.7844679735226999,7433246.9105465
East Midlands,2018,car,35680838074.0,0.7667018241549235,5955488.68293134
Scotland,2018,car,36298502766.0,0.7581810297592836,6058583.09667306
Wales,2018,car,23755628674.0,0.7798264011791618,3965051.9819773403
North West,2018,car,45481235872.0,0.788603797803915,7591273.0793955205
London,2018,car,24719945202.0,0.7682877421484627,4126006.05366582
East of England,2018,car,46566735702.0,0.764547657234657,7772453.856020819
Yorkshire and the Humber,2018,car,35246799076.0,0.7664344180545009,5883043.23377516
South East,2018,car,69016384966.0,0.7870493060882907,11519524.814675061
West Midlands,2018,car,40190369688.0,0.7714682895183961,6708174.60462408
North East,2018,car,15525142046.0,0.7886286531780095,2591301.4588978603
South West,2019,car,45540781452.0,0.7853170374317304,7601211.83215332
East Midlands,2019,car,36463460116.0,0.7683391660562654,6086116.12796156
Scotland,2019,car,36677341402.0,0.758624707072859,6121815.05340782
Wales,2019,car,24039194382.0,0.7828281240173574,4012381.9342996203
North West,2019,car,46471945576.0,0.7893781505254065,7756632.43609016
London,2019,car,25152213926.0,0.7712528930187571,4198156.02638866
East of England,2019,car,46692907958.0,0.7642283489662766,7793513.26726978
Yorkshire and the Humber,2019,car,35592163440.0,0.7637900786031027,5940687.9997704
South East,2019,car,69540386070.0,0.7872514474983512,11606985.838943701
West Midlands,2019,car,40648870654.0,0.7748358795018099,6784703.00085914
North East,2019,car,16255621472.0,0.7953698964526162,2713225.77989152
South West,2020,car,33732892938.0,0.7530420661979471,5630357.16028158
East Midlands,2020,car,27563005246.0,0.7329932336715784,4600541.205609861
Scotland,2020,car,27032244914.0,0.7249973023717547,4511951.998595741
Wales,2020,car,17649309912.0,0.7525372089672067,2945846.31741192
North West,2020,car,35305539986.0,0.75329210547099,5892847.67906326
London,2020,car,20041915690.0,0.7495967159435644,3345196.1478179004
East of England,2020,car,35477578432.0,0.725649617833137,5921562.6160851205
Yorkshire and the Humber,2020,car,27171935626.0,0.7301651141268153,4535267.77533566
South East,2020,car,51265042898.0,0.750958893129681,8556648.31010518
West Midlands,2020,car,29968485744.0,0.7382492863939105,5002039.95553104
North East,2020,car,12354098510.0,0.762336514493977,2062022.5823041
South West,2021,car,38484952090.0,0.7565336783794643,6423523.3533419
East Midlands,2021,car,30943102048.0,0.7320771096447977,5164713.16283168
Scotland,2021,car,31063319746.0,0.722822850937143,5184778.69880486
Wales,2021,car,19928457220.0,0.75111760816688,3326258.7945902
North West,2021,car,39621950800.0,0.7576177200076316,6613299.8080279995
London,2021,car,22504044956.0,0.7577723225656116,3756150.14360596
East of England,2021,car,39584614112.0,0.7292737741566304,6607067.94143392
Yorkshire and the Humber,2021,car,29828473164.0,0.7298006048006048,4978670.45580324
South East,2021,car,56785400966.0,0.7522598773696733,9478051.27523506
West Midlands,2021,car,33655644618.0,0.7389385534080067,5617463.64319038
North East,2021,car,13842416142.0,0.7669255392187458,2310437.67826122
South West,2022,car,41540927816.0,0.7621066554865987,6933596.261768561
East Midlands,2022,car,34464177034.0,0.7445959242994781,5752415.7887449395
Scotland,2022,car,34375019598.0,0.7320481184454041,5737534.521102181
Wales,2022,car,22238342922.0,0.7611878635642517,3711801.81711102
North West,2022,car,43310558080.0,0.7662259273178676,7228965.2491328
London,2022,car,23270251730.0,0.7574622565402789,3884037.7162543
East of England,2022,car,44214685292.0,0.7411010045425609,7379873.12208772
Yorkshire and the Humber,2022,car,32660428762.0,0.7440786965066143,5451352.164665421
South East,2022,car,63279087866.0,0.7617168506066435,10561912.55571406
West Midlands,2022,car,37936328084.0,0.7541253175166837,6331952.520500439
North East,2022,car,15379496776.0,0.778303538705868,2566991.8068821603
South West,2023,car,42760968470.0,0.7660847376994825,7137233.247327699
East Midlands,2023,car,35500109192.0,0.7510017873861605,5925323.22523672
Scotland,2023,car,35372166662.0,0.7366408376121084,5903968.33755442
Wales,2023,car,22955303892.0,0.7710537269380673,3831469.77261372
North West,2023,car,44616859358.0,0.7718931410354573,7446999.99544378
London,2023,car,23481879940.0,0.7600825146119625,3919360.5807854
East of England,2023,car,45529355138.0,0.7464328306227771,7599304.66608358
Yorkshire and the Humber,2023,car,33646954182.0,0.7499354348106805,5616013.12251762
South East,2023,car,65328904224.0,0.7684819709558887,10904047.40402784
West Midlands,2023,car,39248101118.0,0.7616277072500429,6550900.55760538
North East,2023,car,15986057022.0,0.7841624958555031,2668232.7775420197
South West,2024,car,43410176226.0,0.7678330994395088,7245592.51388166
East Midlands,2024,car,36115842676.0,0.753125241209892,6028095.30105116
Scotland,2024,car,36111336524.0,0.7380195896565561,6027343.17922084
Wales,2024,car,23326256762.0,0.7729015469442385,3893385.5161454203
North West,2024,car,46009582194.0,0.7771649305178,7679459.36400054
London,2024,car,23700589246.0,0.7578489643638235,3955865.35104986
East of England,2024,car,46223302546.0,0.7502795076485831,7715131.42795286
Yorkshire and the Humber,2024,car,34122192284.0,0.7512525245367254,5695335.11412244
South East,2024,car,66519011154.0,0.7711255387026361,11102688.15171414
West Midlands,2024,car,40189565018.0,0.762627650737809,6708040.29715438
North East,2024,car,16471916768.0,0.7859748277953972,2749327.62774688
South West,2015,bus,404427142.0,0.0075715576981018,213886.34938597502
East Midlands,2015,bus,296279494.0,0.0067129266682953,156691.11389557502
Scotland,2015,bus,586604430.0,0.0130231128991342,310233.085360875
Wales,2015,bus,240918198.0,0.0083828915095924,127412.600489775
North West,2015,bus,462524316.0,0.0082022186516283,244611.76607055
London,2015,bus,552164554.0,0.0174603820826251,292019.126439825
East of England,2015,bus,371435672.0,0.0064207243623091,196438.39808309998
Yorkshire and the Humber,2015,bus,358400018.0,0.0082127723915135,189544.329519525
South East,2015,bus,488434690.0,0.0056899670975543,258314.791240125
West Midlands,2015,bus,401852198.0,0.0079941092666997,212524.55806477502
North East,2015,bus,219031174.0,0.0117324551951242,115837.37425957501
South West,2016,bus,379804240.0,0.006872672100737,200864.219877
East Midlands,2016,bus,352284526.0,0.0077651649521106,186310.075131675
Scotland,2016,bus,514184130.0,0.0110453117059561,271932.704452125
Wales,2016,bus,208570464.0,0.0069808027923211,110305.09701720001
North West,2016,bus,436453008.0,0.0076928750134738,230823.6289434
London,2016,bus,523679236.0,0.0162027585520091,276954.30994905
East of England,2016,bus,357434414.0,0.0060691848819637,189033.657774075
Yorkshire and the Humber,2016,bus,332972446.0,0.007382298895688,176096.640222675
South East,2016,bus,467030468.0,0.0053459385972345,246994.90088265002
West Midlands,2016,bus,423578288.0,0.0082516114469163,224014.67233740003
North East,2016,bus,207926728.0,0.0109795790028298,109964.6491869
South West,2017,bus,367895124.0,0.0064752786550908,194565.93501645
East Midlands,2017,bus,371596606.0,0.0080549508818932,196523.51004067503
Scotland,2017,bus,524644840.0,0.0109870110611565,277464.9816945
Wales,2017,bus,200040962.0,0.0066668812082984,105794.163265725
North West,2017,bus,335064588.0,0.0058819208624557,177203.09567115
London,2017,bus,506620232.0,0.0156965206378332,267932.4424461
East of England,2017,bus,342789420.0,0.0056224857194142,181288.46963475
Yorkshire and the Humber,2017,bus,332328710.0,0.0073542766988735,175756.192392375
South East,2017,bus,444016906.0,0.0050517257163782,234823.89094942503
West Midlands,2017,bus,398311650.0,0.007686526373326,210652.09499812502
North East,2017,bus,248160228.0,0.0128603954863514,131242.63858065
South West,2018,bus,355342272.0,0.0062593017816898,187927.2023256
East Midlands,2018,bus,362906170.0,0.0077980461658165,191927.464331625
Scotland,2018,bus,466386732.0,0.0097416021540437,246654.45305235003
Wales,2018,bus,196339480.0,0.0064452392398844,103836.58824150001
North West,2018,bus,319453990.0,0.0055390453866867,168947.235786375
London,2018,bus,501148476.0,0.015575529312906,265038.63588855
East of England,2018,bus,334581786.0,0.0054932714690735,176947.75979842502
Yorkshire and the Humber,2018,bus,326856954.0,0.007107437438103,172862.38583482502
South East,2018,bus,433556196.0,0.0049441897511754,229291.61370704998
West Midlands,2018,bus,366929520.0,0.0070433412622408,194055.263271
North East,2018,bus,243171274.0,0.0123523400776619,128604.167895825
South West,2019,bus,354376668.0,0.0061109631011056,187416.53058015002
East Midlands,2019,bus,359848424.0,0.0075825398117251,190310.3371377
Scotland,2019,bus,514184130.0,0.010635252449936,271932.704452125
Wales,2019,bus,185235034.0,0.006032115380584,97963.863168825
North West,2019,bus,320258660.0,0.0054399527626212,169372.79557425002
London,2019,bus,451098002.0,0.0138322073794801,238568.81708272503
East of England,2019,bus,332811512.0,0.0054471653931151,176011.5282651
Yorkshire and the Humber,2019,bus,308671412.0,0.0066239345756952,163244.73462885
South East,2019,bus,434521800.0,0.0049191259259799,229802.28545250001
West Midlands,2019,bus,283887576.0,0.0054113749309773,150137.4931623
North East,2019,bus,246389954.0,0.0120555927398716,130306.407047325
South West,2020,bus,231423092.0,0.0051662133955099,122390.99499285
East Midlands,2020,bus,301751250.0,0.0080245830426651,159584.920453125
Scotland,2020,bus,377551164.0,0.0101258173813583,199672.65247095
Wales,2020,bus,119573962.0,0.0050984347873822,63238.184478225
North West,2020,bus,208087662.0,0.0044398355921669,110049.761144475
London,2020,bus,363871774.0,0.0136093321134492,192438.136077075
East of England,2020,bus,209536068.0,0.0042857989295377,110815.76876265
Yorkshire and the Humber,2020,bus,190867724.0,0.0051290035202435,100942.78168395
South East,2020,bus,262161486.0,0.0038402874204065,138647.378889675
West Midlands,2020,bus,148542082.0,0.0036592134475103,78558.336841725
North East,2020,bus,206800190.0,0.0127610554435583,109368.86548387501
South West,2021,bus,264092694.0,0.0051915100935484,139668.722380575
East Midlands,2021,bus,322994538.0,0.0076416678406481,170819.69885302498
Scotland,2021,bus,424222024.0,0.0098713651768494,224355.1201677
Wales,2021,bus,147898346.0,0.0055743929734746,78217.88901142501
North West,2021,bus,226434138.0,0.0043296837207584,119752.52430802501
London,2021,bus,384632260.0,0.0129516129906304,203417.57860425
East of England,2021,bus,249769568.0,0.0046015453127686,132093.7581564
Yorkshire and the Humber,2021,bus,220157712.0,0.0053865053865053,116433.1579626
South East,2021,bus,296279494.0,0.0039249379599703,156691.11389557502
West Midlands,2021,bus,178153938.0,0.0039115225610402,94218.93703552501
North East,2021,bus,192477064.0,0.0106640036378875,101793.9012597
South West,2022,bus,273265932.0,0.0050133156971697,144520.10396235
East Midlands,2022,bus,329592832.0,0.0071208280744209,174309.2891136
Scotland,2022,bus,472663158.0,0.0100658030022619,249973.819397775
Wales,2022,bus,177349268.0,0.006070421293848,93793.37724765
North West,2022,bus,252183578.0,0.0044614894028949,133370.437520025
London,2022,bus,398794452.0,0.0129810261192075,210907.43087085
East of England,2022,bus,265058298.0,0.0044427540219467,140179.394126025
Yorkshire and the Humber,2022,bus,250252370.0,0.0057013169858915,132349.094029125
South East,2022,bus,319936792.0,0.0038512129964878,169202.5716591
West Midlands,2022,bus,193281734.0,0.0038421918088693,102219.461047575
North East,2022,bus,207443926.0,0.0104980250030541,109709.31331417501
South West,2023,bus,269242582.0,0.0048236193002436,142392.305022975
East Midlands,2023,bus,317200914.0,0.0067103583283683,167755.668380325
Scotland,2023,bus,453512012.0,0.0094445859531055,239845.49644635
Wales,2023,bus,176222730.0,0.0059192068803347,93197.593544625
North West,2023,bus,248643030.0,0.0043016440911558,131497.974453375
London,2023,bus,407163020.0,0.0131794171884604,215333.25266475
East of England,2023,bus,260713080.0,0.0042742709993351,137881.3712715
Yorkshire and the Humber,2023,bus,244136878.0,0.0054414106776475,129114.839641275
South East,2023,bus,319775858.0,0.0037616118705642,169117.459701525
West Midlands,2023,bus,194408272.0,0.0037725831888946,102815.24475059999
North East,2023,bus,196500414.0,0.009638915641726,103921.700199075
South West,2024,bus,274070602.0,0.0048477223106242,144945.663750225
East Midlands,2024,bus,318488386.0,0.0066414521926188,168436.564040925
Scotland,2024,bus,456408824.0,0.0093277813957465,241377.51168270002
Wales,2024,bus,179602344.0,0.0059510160986716,94984.9446537
North West,2024,bus,257172532.0,0.0043439966944305,136008.90820485
London,2024,bus,415370654.0,0.0132818731506496,219673.962501075
East of England,2024,bus,263127090.0,0.0042709813591908,139158.05063512502
Yorkshire and the Humber,2024,bus,247033690.0,0.0054388264890337,130646.85487762501
South East,2024,bus,328466294.0,0.0038077647805078,173713.50541057502
West Midlands,2024,bus,197948820.0,0.0037562298446203,104687.70781725
North East,2024,bus,201167500.0,0.0095989187777888,106389.94696875
South West,2015,lgv,8167722368.0,0.1529135281711358,1652575.2667174402
East Midlands,2015,lgv,6577533514.0,0.1490298891145573,1330832.35588762
Scotland,2015,lgv,7065646336.0,0.1568633055483105,1429592.2231628802
Wales,2015,lgv,4464791962.0,0.155355082932948,903361.35767146
North West,2015,lgv,8042998518.0,0.142631274026593,1627339.89014694
London,2015,lgv,4538660668.0,0.1435201677336617,918307.21295644
East of England,2015,lgv,9006993178.0,0.155697001900067,1822384.92970474
Yorkshire and the Humber,2015,lgv,6721408510.0,0.1540217507550809,1359942.5838283
South East,2015,lgv,12513262236.0,0.1457718951246262,2531808.3482098803
West Midlands,2015,lgv,7177656400.0,0.142786252821309,1452255.2194120002
North East,2015,lgv,2705783342.0,0.1449359068299957,547461.14358686
South West,2016,lgv,8755614270.0,0.1584354769663559,1771523.4352491
East Midlands,2016,lgv,6729616144.0,0.148336289464349,1361603.23441552
Scotland,2016,lgv,7721452386.0,0.1658663569139502,1562281.4612593802
Wales,2016,lgv,4788752104.0,0.1602783702841876,968908.2132023202
North West,2016,lgv,8270720128.0,0.1457788468629976,1673414.80349824
London,2016,lgv,5189155896.0,0.160553702136135,1049921.91243768
East of England,2016,lgv,9383417804.0,0.1593290831732464,1898546.92428332
Yorkshire and the Humber,2016,lgv,7151263224.0,0.1585499438031862,1446915.08811192
South East,2016,lgv,13189828772.0,0.1509794746906098,2668698.05543876
West Midlands,2016,lgv,7675586196.0,0.1495259712573048,1553001.35503668
North East,2016,lgv,2881362336.0,0.1521504508255929,582986.04144288
South West,2017,lgv,9066538758.0,0.1595790785616157,1834432.7869061402
East Midlands,2017,lgv,6867858450.0,0.1488718184862692,1389573.8001885002
Scotland,2017,lgv,8257040738.0,0.1729173547591283,1670647.05251954
Wales,2017,lgv,4962078022.0,0.1653740533350496,1003977.24619126
North West,2017,lgv,8334610926.0,0.146310662606013,1686341.82865758
London,2017,lgv,5259484054.0,0.1629536184768192,1064151.40864582
East of England,2017,lgv,9916914014.0,0.1626587758291186,2006489.21245262
Yorkshire and the Humber,2017,lgv,7172184644.0,0.1587170437588367,1451148.11902052
South East,2017,lgv,13323243058.0,0.151582898471116,2695691.76792514
West Midlands,2017,lgv,7794355488.0,0.1504136748739099,1577031.94588704
North East,2017,lgv,2973255650.0,0.1540828836642953,601578.8156645
South West,2018,lgv,9055917114.0,0.1595186460858102,1832283.70967562
East Midlands,2018,lgv,6950417592.0,0.1493490101149822,1406277.99138936
Scotland,2018,lgv,8218416578.0,0.1716612826778985,1662832.22622674
Wales,2018,lgv,5116574662.0,0.1679618779947909,1035236.55136246
North West,2018,lgv,8472209496.0,0.1469005064668703,1714182.1473256801
London,2018,lgv,5246287466.0,0.1630528837737396,1061481.34299578
East of England,2018,lgv,10020394576.0,0.1645180638530054,2027426.43456208
Yorkshire and the Humber,2018,lgv,7177495466.0,0.1560731670615243,1452222.65763578
South East,2018,lgv,13561908180.0,0.1546573386531395,2743980.8820594
West Midlands,2018,lgv,8022881768.0,0.1540020388619443,1623269.66811944
North East,2018,lgv,3061125614.0,0.1554956059677089,619357.54548062
South West,2019,lgv,9233749184.0,0.159229163891479,1868264.47239872
East Midlands,2019,lgv,7095901928.0,0.1495211741406907,1435713.83709224
Scotland,2019,lgv,8276996554.0,0.1711992703451214,1674684.7127708201
Wales,2019,lgv,5140875696.0,0.1674108546632287,1040153.3795716801
North West,2019,lgv,8713288628.0,0.1480049861677583,1762959.68810324
London,2019,lgv,5253529496.0,0.1610911800555657,1062946.6229256801
East of England,2019,lgv,10121782996.0,0.1656644198426433,2047940.3535806802
Yorkshire and the Humber,2019,lgv,7364500774.0,0.1580385141388885,1490059.44160342
South East,2019,lgv,13701598892.0,0.1551127937355842,2772244.50381836
West Midlands,2019,lgv,8040262640.0,0.1532609362537579,1626786.3399512
North East,2019,lgv,3111015154.0,0.1522185912831213,629451.69610882
South West,2020,lgv,8300653852.0,0.185301081024764,1679471.29387516
East Midlands,2020,lgv,6467776526.0,0.1719999828808895,1308625.22450558
Scotland,2020,lgv,7397653178.0,0.1984030040788139,1496767.16750474
Wales,2020,lgv,4478471352.0,0.1909545669761409,906129.10865016
North West,2020,lgv,8153560176.0,0.1739673862656965,1649709.8304100803
London,2020,lgv,4630875850.0,0.1732014734915972,936965.1107305001
East of England,2020,lgv,9451814754.0,0.1933250821280209,1912385.67917682
Yorkshire and the Humber,2020,lgv,6698394948.0,0.179999481045175,1355286.24982884
South East,2020,lgv,12502479658.0,0.1831432835046807,2529626.7092031403
West Midlands,2020,lgv,7175564258.0,0.1767641928322232,1451831.91632114
North East,2020,lgv,2915480344.0,0.1799060547980575,589889.1380015201
South West,2021,lgv,9325320630.0,0.183316302480599,1886792.1230679
East Midlands,2021,lgv,7364661708.0,0.1742391647851233,1490092.0033796402
Scotland,2021,lgv,8744509824.0,0.2034789447076226,1769276.6726899203
Wales,2021,lgv,5137335148.0,0.1936297850916833,1039437.02049484
North West,2021,lgv,9057043652.0,0.173181194340331,1832511.64210916
London,2021,lgv,4808386052.0,0.16191141963768,972880.74990116
East of England,2021,lgv,10543108208.0,0.1942373946714579,2133187.0837246403
Yorkshire and the Humber,2021,lgv,7420827674.0,0.181562244062244,1501456.0632804201
South East,2021,lgv,13875890414.0,0.1838197044250957,2807508.90746462
West Midlands,2021,lgv,8038009564.0,0.1764813964170877,1626330.47508412
North East,2021,lgv,3195183636.0,0.1770260269453336,646481.50507188
South West,2022,lgv,9908545446.0,0.1817814099876586,2004796.00008918
East Midlands,2022,lgv,7846015302.0,0.1695125640196518,1587484.27605366
Scotland,2022,lgv,9332401726.0,0.1987422030296799,1888224.84122158
Wales,2022,lgv,5483665116.0,0.1876983077736647,1109509.96292028
North West,2022,lgv,9608403536.0,0.1699864475497397,1944068.2874388802
London,2022,lgv,4879357946.0,0.1588263643697549,987240.49321418
East of England,2022,lgv,11178636574.0,0.1873698464592842,2261773.53801742
Yorkshire and the Humber,2022,lgv,7614592210.0,0.1734776933681401,1540660.4418493002
South East,2022,lgv,14849541114.0,0.1787501380276287,3004507.6535956203
West Midlands,2022,lgv,8499729210.0,0.1689636639345835,1719750.2110593002
North East,2022,lgv,3358370712.0,0.1699556134707008,679499.14615896
South West,2023,lgv,10041637864.0,0.1799011057130912,2031724.5890231202
East Midlands,2023,lgv,7894134568.0,0.1669997446591199,1597220.24714344
Scotland,2023,lgv,9488829574.0,0.1976090249755339,1919874.8877074202
Wales,2023,lgv,5374873732.0,0.1805385126844008,1087498.20219556
North West,2023,lgv,9690479876.0,0.1676499658931132,1960674.79331108
London,2023,lgv,4811121930.0,0.1557307023118677,973434.3000969001
East of England,2023,lgv,11250413138.0,0.184445347376864,2276296.09021154
Yorkshire and the Humber,2023,lgv,7701818438.0,0.171660903625694,1558308.92456054
South East,2023,lgv,14815744974.0,0.1742817062989487,2997669.6805894203
West Midlands,2023,lgv,8513891402.0,0.1652160334785528,1722615.6473666602
North East,2023,lgv,3410030526.0,0.1672718947850387,689951.47632558
South West,2024,lgv,10194686098.0,0.1803221756964864,2062690.83820834
East Midlands,2024,lgv,7991499638.0,0.1666470902116606,1616920.1217565401
Scotland,2024,lgv,9643648082.0,0.1970904952670389,1951199.31643106
Wales,2024,lgv,5393542076.0,0.1787117863179954,1091275.36823708
North West,2024,lgv,9705285804.0,0.163935584890068,1963670.47672332
London,2024,lgv,4944375282.0,0.1581011192589733,1000395.45080706
East of England,2024,lgv,11198109588.0,0.1817635626515088,2265713.5129400403
Yorkshire and the Humber,2024,lgv,7841026348.0,0.1726322502923147,1586474.86099084
South East,2024,lgv,14976196172.0,0.1736124326038693,3030133.77148076
West Midlands,2024,lgv,8819344134.0,0.167353781882146,1784417.89863222
North East,2024,lgv,3491945932.0,0.1666218717123703,706525.4204215601
South West,2015,hgv,2261605502.0,0.0423410665863211,1529138.0912517512
East Midlands,2015,hgv,3059355340.0,0.0693170754830499,2068520.2529492485
Scotland,2015,hgv,2510570400.0,0.0557367794860068,1697470.5915838126
Wales,2015,hgv,1104329108.0,0.0384257859310777,746669.4358620591
North West,2015,hgv,3050343036.0,0.0540935463893399,2062426.7687743322
London,2015,hgv,1067636156.0,0.0337604706313421,721860.2502927573
East of England,2015,hgv,3301239142.0,0.0570659960329493,2232065.0157153043
Yorkshire and the Humber,2015,hgv,2882167006.0,0.0660451462773313,1948718.0015816987
South East,2015,hgv,3920030372.0,0.0456659698722335,2650447.9916537507
West Midlands,2015,hgv,3121475864.0,0.0620960125498231,2110521.7688692072
North East,2015,hgv,714064158.0,0.0382490108014447,482799.80864470365
South West,2016,hgv,2269974070.0,0.0410758643986848,1534796.3265570307
East Midlands,2016,hgv,3146903436.0,0.0693650230578219,2127714.099219864
Scotland,2016,hgv,2562230214.0,0.0550398772051731,1732399.313372172
Wales,2016,hgv,1112858610.0,0.0372471074914355,752436.4833847478
North West,2016,hgv,3062734954.0,0.0539834455683707,2070805.3095148422
London,2016,hgv,1027080788.0,0.0317781207986854,694439.5715056341
East of England,2016,hgv,3371889168.0,0.0572541925470081,2279833.5791579513
Yorkshire and the Humber,2016,hgv,2890857442.0,0.0640929120653667,1954593.8613217967
South East,2016,hgv,3930652016.0,0.0449928340106329,2657629.598002759
West Midlands,2016,hgv,3154789202.0,0.061457575681573,2133045.8978729155
North East,2016,hgv,718731244.0,0.0379526314447664,485955.36294957093
South West,2017,hgv,2304413946.0,0.0405597178749982,1558082.1410826035
East Midlands,2017,hgv,3177802764.0,0.0688839584728734,2148606.0449624336
Scotland,2017,hgv,2614050962.0,0.054742951124652,1767436.8473779403
Wales,2017,hgv,1132653492.0,0.0377486001158524,765820.3861260816
North West,2017,hgv,3080920496.0,0.0540842905815812,2083101.0900820838
London,2017,hgv,975099106.0,0.0302113146583962,659293.2252824565
East of England,2017,hgv,3450746828.0,0.0565996895754363,2333151.5656884685
Yorkshire and the Humber,2017,hgv,2921113034.0,0.0646428456955222,1975050.5581947297
South East,2017,hgv,3961873212.0,0.0450755287009063,2678739.1681801477
West Midlands,2017,hgv,3215783188.0,0.0620574424209297,2174285.7282710094
North East,2017,hgv,734502776.0,0.0380641018156343,496618.96025567444
South West,2018,hgv,2309241966.0,0.0406769570948675,1561346.50760488
East Midlands,2018,hgv,3205322478.0,0.0688752485519149,2167212.93413941
Scotland,2018,hgv,2610027612.0,0.0545166679552383,1764716.5419427098
Wales,2018,hgv,1130722284.0,0.0371182384421539,764514.6395171711
North West,2018,hgv,3063378690.0,0.0531162362395881,2071240.558384479
London,2018,hgv,962224386.0,0.0299056164938553,650588.247889719
East of England,2018,hgv,3514959494.0,0.0577097364867899,2376567.6404347466
Yorkshire and the Humber,2018,hgv,2936401764.0,0.0638514542075959,1985387.7188486054
South East,2018,hgv,3970080846.0,0.0452740226324231,2684288.591268018
West Midlands,2018,hgv,3222220548.0,0.0618516573476259,2178638.2169673783
North East,2018,hgv,738043324.0,0.0374902922542407,499012.8290386772
South West,2019,hgv,2344003710.0,0.0404206074330624,1584849.9465652711
East Midlands,2019,hgv,3227209502.0,0.068002088928678,2182011.395707064
Scotland,2019,hgv,2587174984.0,0.0535124627183638,1749265.2070706007
Wales,2019,hgv,1128147340.0,0.0367377313795778,762773.6440386234
North West,2019,hgv,3049860234.0,0.051805298896701,2062100.3321221047
London,2019,hgv,961580650.0,0.0294853510854063,650152.9990200821
East of England,2019,hgv,3491302196.0,0.057142556111335,2360572.2444755915
Yorkshire and the Humber,2019,hgv,3040365128.0,0.0652447195015817,2055680.4112949606
South East,2019,hgv,3937250310.0,0.0445727465848512,2662090.898916537
West Midlands,2019,hgv,3217231594.0,0.0613258482115467,2175265.0382276922
North East,2019,hgv,716478168.0,0.0350564982873341,484431.99190584186
South West,2020,hgv,2133180170.0,0.0476204162430347,1442305.9417591947
East Midlands,2020,hgv,3024432662.0,0.0804298608644294,2044908.0017714482
Scotland,2020,hgv,2259352426.0,0.0605952046960312,1527614.720208022
Wales,2020,hgv,1026597986.0,0.0437724300251833,694113.1348534065
North West,2020,hgv,2953299834.0,0.0630127014322161,1996813.0016765734
London,2020,hgv,954338620.0,0.0356936485770693,645256.4492366672
East of England,2020,hgv,3391844984.0,0.0693759587088619,2293326.2941166945
Yorkshire and the Humber,2020,hgv,2916445948.0,0.0783708278194383,1971895.0038898622
South East,2020,hgv,3675571626.0,0.0538418197634533,2485162.2334091472
West Midlands,2020,hgv,3093151480.0,0.076197272438947,2091370.8186051846
North East,2020,hgv,648242152.0,0.0400011916938935,438295.61172433314
South West,2021,hgv,2334830472.0,0.045897884483364,1578647.6501729458
East Midlands,2021,hgv,3337288358.0,0.0789562860047441,2256438.9524149694
Scotland,2021,hgv,2499626888.0,0.0581646600632875,1690071.360799986
Wales,2021,hgv,1119295970.0,0.0421870545489836,756788.9720811164
North West,2021,hgv,3119705590.0,0.0596523944043376,2109324.834477706
London,2021,hgv,1022735570.0,0.0344382847512369,691501.6416355852
East of England,2021,hgv,3483416430.0,0.0641755465817515,2355240.4458225397
Yorkshire and the Humber,2021,hgv,3148995578.0,0.0770451395451395,2129128.658046183
South East,2021,hgv,3921639712.0,0.0519515959850933,2651536.1138278428
West Midlands,2021,hgv,3434492494.0,0.075407229426522,2322161.5317301373
North East,2021,hgv,718731244.0,0.0398206022130482,485955.36294957093
South West,2022,hgv,2274158354.0,0.0417215336376358,1537625.4442096704
East Midlands,2022,hgv,3323769902.0,0.0718097960063559,2247298.726152595
Scotland,2022,hgv,2505420512.0,0.0533552676674206,1693988.6006267176
Wales,2022,hgv,1096443342.0,0.0375297461660497,741337.6372090074
North West,2022,hgv,3053883584.0,0.0540275832222943,2064820.6375573352
London,2022,hgv,1043817924.0,0.0339769715129862,705756.0421161929
East of England,2022,hgv,3521718722.0,0.0590290141240194,2381137.753565934
Yorkshire and the Humber,2022,hgv,3097979500.0,0.0705790044877247,2094635.185127461
South East,2022,hgv,3948193822.0,0.0475260605849271,2669490.1297003636
West Midlands,2022,hgv,3397799542.0,0.0675438764868098,2297352.3461608356
North East,2022,hgv,708431468.0,0.0358512847660544,478991.38103538094
South West,2023,hgv,2232315514.0,0.0399930802831317,1509334.2676832734
East Midlands,2023,hgv,3244590374.0,0.0686390331092007,2193763.1151872594
Scotland,2023,hgv,2431069004.0,0.0506280750204442,1643717.3561836586
Wales,2023,hgv,1056370776.0,0.0354828072717051,714243.395074112
North West,2023,hgv,2960059062.0,0.0512104464521877,2001383.1148077608
London,2023,hgv,999400140.0,0.0323494785534938,675723.8701112485
East of England,2023,hgv,3473599456.0,0.0569480649689191,2348602.900560578
Yorkshire and the Humber,2023,hgv,3018639038.0,0.0672805142258633,2040990.7619447163
South East,2023,hgv,3855978640.0,0.0453589433410761,2607140.7291248813
West Midlands,2023,hgv,3306871832.0,0.0641713902031511,2235873.443324627
North East,2023,hgv,690245926.0,0.0338585660830162,466695.6004681392
South West,2024,hgv,2135111378.0,0.0377655501438945,1443611.688368105
East Midlands,2024,hgv,3213691046.0,0.0670152394312312,2172871.169444689
Scotland,2024,hgv,2442978120.0,0.0499279695301245,1651769.4602719408
Wales,2024,hgv,1067636156.0,0.0353754845865483,721860.2502927573
North West,2024,hgv,2940746982.0,0.0496732488093425,1988325.6487186544
London,2024,hgv,901069466.0,0.0288125562845748,609239.6052742158
East of England,2024,hgv,3438193976.0,0.0558074897600936,2324664.2127305493
Yorkshire and the Humber,2024,hgv,2954748240.0,0.0650533253020586,1997792.3116332565
South East,2024,hgv,3733990668.0,0.0432865058487714,2524661.068328694
West Midlands,2024,hgv,3220933076.0,0.061119661878237,2177767.719228104
North East,2024,hgv,685900708.0,0.0327284734647489,463757.67059809034
